game_date,inning,at_bat_number,pitch_number,pitch_type,pitch_name,stand,balls,strikes,release_speed,effective_speed,release_spin_rate,spin_axis,release_extension,release_pos_x,release_pos_z,pfx_x,pfx_z,arm_angle,plate_x,plate_z,sz_top,sz_bot,zone,events,description,type,launch_speed,launch_angle,launch_speed_angle,hit_distance_sc,estimated_ba_using_speedangle,estimated_slg_using_speedangle,estimated_woba_using_speedangle,woba_value,woba_denom,babip_value,iso_value,hc_x,hc_y,start_group
2026-06-03,1,4,1,SI,Sinker,L,0,0,91.9,92.8,2004.0,235.0,6.8,-1.93,5.15,-1.3,0.25,29.2,0.2760141042977264,3.263198039321089,3.368323491,1.699901575,2,,called_strike,S,,,,,,,,,,,,,,Good
2026-06-03,1,4,2,FC,Cutter,L,0,1,90.0,91.0,2467.0,220.0,6.7,-2.0,5.1,-0.24,0.19,24.3,-0.0892535432519434,3.3341050712347298,3.368323491,1.699901575,2,,called_strike,S,,,,,,,,,,,,,,Good
2026-06-03,1,4,3,FF,4-Seam Fastball,L,0,2,92.4,94.1,2125.0,241.0,6.9,-1.93,5.08,-0.56,0.9,27.2,-0.1124775339175221,3.1237156873597858,3.368323491,1.699901575,2,,foul,S,81.6,7.0,,106.0,,,,,,,,,,Good
2026-06-03,1,4,4,FF,4-Seam Fastball,L,0,2,92.6,94.3,2120.0,228.0,7.0,-1.78,5.14,-0.56,0.88,27.2,0.0144932860001988,2.963246392965173,3.368323491,1.699901575,2,strikeout,swinging_strike,S,,,,,,,0.0,0.0,1.0,0.0,0.0,,,Good
2026-06-03,1,5,1,SI,Sinker,R,0,0,93.1,94.6,2019.0,242.0,7.2,-1.69,5.14,-1.13,0.11,26.5,1.6035537954699068,2.6702992216136683,3.127854331,1.578543307,12,,ball,B,,,,,,,,,,,,,,Good
2026-06-03,1,5,2,SI,Sinker,R,1,0,92.1,93.2,2019.0,237.0,7.0,-1.75,5.12,-1.19,-0.02,27.6,0.8378095841709949,2.725889935439428,3.127854331,1.578543307,12,,called_strike,S,,,,,,,,,,,,,,Good
2026-06-03,1,5,3,SI,Sinker,R,1,1,93.0,94.3,1991.0,239.0,7.0,-1.82,5.18,-1.11,0.06,28.3,0.0389717040695978,4.290623217833968,3.127854331,1.578543307,12,,ball,B,,,,,,,,,,,,,,Good
2026-06-03,1,5,4,ST,Sweeper,R,2,1,83.5,84.2,2624.0,64.0,6.8,-2.15,4.92,1.66,0.08,20.7,1.0038864211575256,2.22961998768342,3.127854331,1.578543307,14,field_out,hit_into_play,X,61.7,-17.0,2.0,7.0,0.041,0.052,0.041,0.0,1.0,0.0,0.0,147.42,161.38,Good
2026-06-03,1,6,1,ST,Sweeper,L,0,0,84.2,85.2,2641.0,49.0,6.8,-2.09,4.84,1.35,-0.09,19.8,1.993974070052236,0.7418898666289788,3.21035105,1.620177165,14,,ball,B,,,,,,,,,,,,,,Good
2026-06-03,1,6,2,ST,Sweeper,L,1,0,84.2,84.9,2742.0,57.0,6.7,-2.16,4.84,1.56,0.0,20.0,1.0801203069898393,1.3141960542285762,3.21035105,1.620177165,14,,ball,B,,,,,,,,,,,,,,Good
2026-06-03,1,6,3,CH,Changeup,L,2,0,85.9,86.8,1539.0,274.0,6.7,-2.08,4.78,-0.95,-0.42,18.0,-0.1446418544638831,1.2129700573604132,3.21035105,1.620177165,13,,foul,S,42.8,-39.0,,2.0,,,,,,,,,,Good
2026-06-03,1,6,4,CH,Changeup,L,2,1,86.2,87.2,1481.0,273.0,6.8,-2.08,4.79,-0.62,-0.55,19.2,0.4038844049106361,1.1609419589954753,3.21035105,1.620177165,14,,swinging_strike,S,,,,,,,,,,,,,,Good
2026-06-03,1,6,5,CH,Changeup,L,2,2,85.9,87.2,1469.0,276.0,6.9,-2.06,4.78,-0.47,-0.53,18.7,-0.5040491228683448,1.0570763745377345,3.21035105,1.620177165,13,,foul,S,,,,,,,,,,,,,,Good
2026-06-03,1,6,6,CH,Changeup,L,2,2,86.6,87.7,1660.0,269.0,6.8,-2.25,4.72,-1.1,-0.45,17.4,0.4404416164879681,1.2341068864682327,3.21035105,1.620177165,14,,ball,B,,,,,,,,,,,,,,Good
2026-06-03,1,6,7,ST,Sweeper,L,3,2,81.8,83.0,2509.0,57.0,6.9,-2.13,4.76,1.6,0.14,16.6,0.0699711504914495,1.9228841941225037,3.21035105,1.620177165,8,field_out,hit_into_play,X,99.8,35.0,5.0,380.0,0.351,1.329,0.688,0.0,1.0,0.0,0.0,98.03,47.33,Good
2026-06-03,2,10,1,SI,Sinker,R,0,0,92.0,93.2,2127.0,232.0,6.9,-1.96,5.1,-1.12,-0.06,27.4,0.4318437388947029,2.3460750560180887,3.133120079,1.581200787,6,field_out,hit_into_play,X,88.2,-19.0,2.0,7.0,0.089,0.095,0.084,0.0,1.0,0.0,0.0,133.86,145.89,Good
2026-06-03,2,11,1,SI,Sinker,L,0,0,91.4,92.6,2022.0,237.0,6.9,-2.0,5.1,-1.27,0.37,25.3,1.1410945732518163,1.924438011101818,3.217372047,1.623720472,14,,ball,B,,,,,,,,,,,,,,Good
2026-06-03,2,11,2,SI,Sinker,L,1,0,92.1,93.6,1944.0,243.0,6.9,-1.98,5.04,-1.21,0.01,22.2,-0.2624896238010594,1.6979926645943806,3.217372047,1.623720472,8,,called_strike,S,,,,,,,,,,,,,,Good
2026-06-03,2,11,3,CH,Changeup,L,1,1,85.8,87.1,1429.0,272.0,6.8,-2.21,4.74,-0.7,-0.3,16.5,-0.4149836672689715,1.14665209987704,3.217372047,1.623720472,13,,ball,B,,,,,,,,,,,,,,Good
2026-06-03,2,11,4,SI,Sinker,L,2,1,91.8,93.1,1922.0,244.0,6.9,-2.0,5.01,-1.3,0.01,25.3,0.356106023839408,1.5324156146645942,3.217372047,1.623720472,9,,called_strike,S,,,,,,,,,,,,,,Good
2026-06-03,2,11,5,CH,Changeup,L,2,2,85.9,87.2,1544.0,280.0,6.8,-2.13,4.78,-0.88,-0.51,19.2,-0.3989692293896549,1.1994072162533556,3.217372047,1.623720472,13,,ball,B,,,,,,,,,,,,,,Good
2026-06-03,2,11,6,SI,Sinker,L,3,2,92.3,93.7,1970.0,241.0,7.0,-2.0,5.04,-1.2,0.04,23.5,-0.6545836908926663,2.6653919271824997,3.217372047,1.623720472,4,,foul,S,75.8,28.0,,230.0,,,,,,,,,,Good
2026-06-03,2,11,7,FF,4-Seam Fastball,L,3,2,92.9,94.8,2066.0,239.0,7.0,-1.84,5.07,-0.31,0.59,27.5,0.2999352618639141,3.3020975961198378,3.217372047,1.623720472,3,field_out,hit_into_play,X,65.1,17.0,2.0,151.0,0.357,0.382,0.321,0.0,1.0,0.0,0.0,95.58,149.37,Good
2026-06-03,2,12,1,CH,Changeup,L,0,0,86.5,87.8,1513.0,274.0,6.8,-2.04,4.73,-0.89,-0.25,16.9,0.6901305168728965,1.7464840713726733,3.292847769,1.661811024,9,,called_strike,S,,,,,,,,,,,,,,Good
2026-06-03,2,12,2,CH,Changeup,L,0,1,85.1,86.4,1395.0,280.0,6.8,-2.08,4.82,-0.81,-0.32,17.6,-1.8287492827445304,2.2067047540718754,3.292847769,1.661811024,13,,ball,B,,,,,,,,,,,,,,Good
2026-06-03,2,12,3,FF,4-Seam Fastball,L,1,1,92.6,94.4,2112.0,240.0,7.0,-1.88,5.09,-0.69,0.95,28.5,0.3227170395426463,2.822631491313845,3.292847769,1.661811024,3,,foul,S,74.3,48.0,,208.0,,,,,,,,,,Good
2026-06-03,2,12,4,CH,Changeup,L,1,2,88.0,89.7,1468.0,267.0,7.0,-1.93,4.75,-0.98,-0.2,18.5,0.7149854680767144,1.4127767903838948,3.292847769,1.661811024,14,,ball,B,,,,,,,,,,,,,,Good
2026-06-03,2,12,5,CH,Changeup,L,2,2,85.7,87.1,1610.0,272.0,6.7,-2.06,4.8,-0.93,-0.4,20.3,0.357117354264473,1.7484680552209078,3.292847769,1.661811024,9,,foul,S,93.2,-50.0,,1.0,,,,,,,,,,Good
2026-06-03,2,12,6,ST,Sweeper,L,2,2,82.0,83.4,2670.0,64.0,6.8,-2.12,4.81,0.71,-0.34,18.7,-0.2488878076535942,0.879013301737237,3.292847769,1.661811024,13,strikeout,swinging_strike,S,,,,,,,0.0,0.0,1.0,0.0,0.0,,,Good
2026-06-03,3,19,1,ST,Sweeper,L,0,0,82.3,82.7,2630.0,70.0,6.7,-2.2,4.87,1.57,-0.09,18.3,0.257354423198364,2.053800568816082,3.062910105,1.545767717,5,,called_strike,S,,,,,,,,,,,,,,Good
2026-06-03,3,19,2,CH,Changeup,L,0,1,85.0,85.6,1535.0,271.0,6.8,-2.13,4.81,-0.95,-0.54,18.1,0.1346574915972511,1.7899787919290353,3.062910105,1.545767717,8,,foul,S,,,,,,,,,,,,,,Good
2026-06-03,3,19,3,ST,Sweeper,L,0,2,83.4,84.4,2737.0,58.0,6.7,-2.02,4.93,0.72,-0.07,24.4,-0.7247875686623548,2.2078561841834,3.062910105,1.545767717,4,field_out,hit_into_play,X,97.8,-26.0,2.0,4.0,0.153,0.173,0.147,0.0,1.0,0.0,0.0,124.45,160.3,Good
2026-06-03,3,20,1,SI,Sinker,L,0,0,92.8,94.0,1953.0,240.0,6.9,-1.83,5.04,-1.24,0.34,22.7,0.0336058047988996,2.72720516032099,3.087483596,1.558169291,2,,swinging_strike,S,,,,,,,,,,,,,,Good
2026-06-03,3,20,2,SI,Sinker,L,0,1,90.9,91.9,2045.0,232.0,6.9,-1.9,5.0,-1.14,0.32,20.9,-1.4553025948084737,3.561186697422561,3.087483596,1.558169291,11,,ball,B,,,,,,,,,,,,,,Good
2026-06-03,3,20,3,FC,Cutter,L,1,1,90.7,92.0,2428.0,246.0,6.8,-1.72,5.02,-0.12,0.45,20.6,1.4824681402686952,1.8119983081599376,3.087483596,1.558169291,14,,ball,B,,,,,,,,,,,,,,Good
2026-06-03,3,20,4,ST,Sweeper,L,2,1,84.5,85.8,2652.0,56.0,6.9,-2.11,4.82,1.1,-0.01,19.3,0.5440484607868867,2.1712004072000157,3.087483596,1.558169291,6,,foul_tip,S,,,,,,,,,,,,,,Good
2026-06-03,3,20,5,FC,Cutter,L,2,2,88.8,90.2,2296.0,226.0,6.8,-1.97,4.95,-0.06,0.51,21.5,0.2410357084588357,2.785042548525293,3.087483596,1.558169291,2,,foul,S,75.0,52.0,,204.0,,,,,,,,,,Good
2026-06-03,3,20,6,SI,Sinker,L,2,2,92.1,93.3,1945.0,238.0,7.0,-1.86,4.94,-1.09,-0.15,23.2,0.5900924289046814,1.809268196547709,3.087483596,1.558169291,9,,foul,S,88.8,-43.0,,2.0,,,,,,,,,,Good
2026-06-03,3,20,7,SI,Sinker,L,2,2,92.8,94.6,1991.0,227.0,7.2,-1.99,4.94,-1.06,-0.07,23.5,0.3852445859475335,2.4302518505191872,3.087483596,1.558169291,6,field_out,hit_into_play,X,87.6,-31.0,2.0,4.0,0.073,0.088,0.071,0.0,1.0,0.0,0.0,142.18,150.67,Good
2026-06-03,3,21,1,CH,Changeup,L,0,0,85.1,86.2,1396.0,267.0,6.9,-1.93,4.77,-0.6,-0.46,16.1,0.496513840506241,1.2007882363304303,3.134875328,1.582086614,14,,ball,B,,,,,,,,,,,,,,Good
2026-06-03,3,21,2,CH,Changeup,L,1,0,84.6,85.8,1461.0,272.0,6.8,-2.01,4.69,-0.64,-0.2,18.9,-0.5380445143819519,2.014134156208477,3.134875328,1.582086614,7,,called_strike,S,,,,,,,,,,,,,,Good
2026-06-03,3,21,3,ST,Sweeper,L,1,1,84.2,85.1,2465.0,63.0,6.9,-2.07,4.82,1.14,0.32,20.5,1.0651842021013054,1.529738223346902,3.134875328,1.582086614,14,field_out,hit_into_play,X,79.5,-7.0,2.0,12.0,0.101,0.118,0.091,0.0,1.0,0.0,0.0,145.0,182.0,Good
2026-06-03,4,27,1,FF,4-Seam Fastball,L,0,0,91.5,92.8,2134.0,230.0,6.8,-1.98,5.1,-0.64,1.26,24.0,0.2574782899305967,2.0041395707191367,3.368323491,1.699901575,8,,called_strike,S,,,,,,,,,,,,,,Good
2026-06-03,4,27,2,CH,Changeup,L,0,1,85.6,86.8,1496.0,270.0,6.7,-2.06,4.81,-1.01,-0.35,16.9,-0.1412773636650367,0.6748541634598118,3.368323491,1.699901575,13,,ball,B,,,,,,,,,,,,,,Good
2026-06-03,4,27,3,FC,Cutter,L,1,1,90.1,91.6,2283.0,227.0,6.8,-1.86,5.06,0.07,0.45,25.2,0.1648228821228428,2.917048166967395,3.368323491,1.699901575,2,,foul,S,67.7,54.0,,185.0,,,,,,,,,,Good
2026-06-03,4,27,4,CH,Changeup,L,1,2,85.9,87.2,1532.0,269.0,6.7,-1.9,4.89,-0.82,-0.54,20.6,-0.6991017745037278,1.824721601040616,3.368323491,1.699901575,7,,foul,S,89.1,-63.0,,1.0,,,,,,,,,,Good
2026-06-03,4,27,5,CH,Changeup,L,1,2,87.4,88.6,1440.0,273.0,6.8,-2.1,4.76,-0.79,-0.48,16.3,-0.5052954146513318,0.8218293139285819,3.368323491,1.699901575,13,,ball,B,,,,,,,,,,,,,,Good
2026-06-03,4,27,6,CH,Changeup,L,2,2,85.4,86.5,1529.0,279.0,6.8,-2.09,4.68,-0.82,-0.56,20.5,0.7231346705447653,0.7115134285224332,3.368323491,1.699901575,14,,ball,B,,,,,,,,,,,,,,Good
2026-06-03,4,27,7,FF,4-Seam Fastball,L,3,2,93.6,95.0,2176.0,237.0,7.0,-1.82,5.01,-0.73,1.01,24.6,0.437043990910467,1.7194381943570298,3.368323491,1.699901575,9,strikeout,called_strike,S,,,,,,,0.0,0.0,1.0,0.0,0.0,,,Good
2026-06-03,4,28,1,FC,Cutter,R,0,0,90.1,91.8,2416.0,220.0,7.0,-1.95,5.05,-0.09,0.68,24.2,0.6009955979091113,2.441819477536904,3.127854331,1.578543307,6,,called_strike,S,,,,,,,,,,,,,,Good
2026-06-03,4,28,2,SI,Sinker,R,0,1,93.6,94.7,2050.0,244.0,7.0,-1.7,5.06,-1.24,-0.04,23.5,0.9137173441220652,2.673657378967276,3.127854331,1.578543307,12,,called_strike,S,,,,,,,,,,,,,,Good
2026-06-03,4,28,3,SI,Sinker,R,0,2,94.0,94.9,2088.0,243.0,6.9,-1.78,5.03,-1.23,-0.01,26.0,0.3688728963333898,2.2418222230585596,3.127854331,1.578543307,6,,foul,S,81.2,9.0,,142.0,,,,,,,,,,Good
2026-06-03,4,28,4,FF,4-Seam Fastball,R,0,2,93.2,95.0,2137.0,239.0,6.9,-1.69,5.12,-0.62,0.84,27.6,0.4060267667795757,2.718220883292485,3.127854331,1.578543307,3,field_out,hit_into_play,X,94.0,-14.0,2.0,11.0,0.118,0.129,0.106,0.0,1.0,0.0,0.0,125.85,170.57,Good
2026-06-03,4,29,1,ST,Sweeper,L,0,0,83.8,84.3,2600.0,52.0,6.8,-2.03,4.77,1.29,0.14,18.0,1.36981819029346,2.048310914160508,3.21035105,1.620177165,14,,ball,B,,,,,,,,,,,,,,Good
2026-06-03,4,29,2,ST,Sweeper,L,1,0,83.1,83.7,2652.0,50.0,6.7,-2.05,4.79,1.37,0.17,21.3,0.6607646259271509,1.6586949310815946,3.21035105,1.620177165,9,,called_strike,S,,,,,,,,,,,,,,Good
2026-06-03,4,29,3,CH,Changeup,L,1,1,87.7,88.8,1569.0,263.0,6.9,-2.05,4.73,-1.08,-0.17,16.8,-0.6196514591735622,1.554880983236976,3.21035105,1.620177165,7,,called_strike,S,,,,,,,,,,,,,,Good
2026-06-03,4,29,4,FF,4-Seam Fastball,L,1,2,93.3,94.8,2195.0,233.0,7.1,-1.86,5.02,-0.51,0.86,23.8,0.4812144671140327,3.0001815113604584,3.21035105,1.620177165,3,field_out,hit_into_play,X,87.6,-8.0,2.0,19.0,0.183,0.21,0.172,0.0,1.0,0.0,0.0,100.63,165.87,Good
2026-06-03,5,34,1,SI,Sinker,R,0,0,92.2,93.2,2075.0,235.0,7.1,-1.9,5.08,-1.29,-0.19,28.5,1.1458448706477924,1.7368538235892783,3.133120079,1.581200787,14,,ball,B,,,,,,,,,,,,,,Good
2026-06-03,5,34,2,SI,Sinker,R,1,0,92.7,93.8,2112.0,235.0,7.1,-1.83,5.02,-1.25,-0.16,24.7,0.6625801061121352,2.6431606877255094,3.133120079,1.581200787,6,,called_strike,S,,,,,,,,,,,,,,Good
2026-06-03,5,34,3,SI,Sinker,R,1,1,93.5,94.5,2060.0,235.0,6.9,-1.73,4.99,-1.24,-0.12,26.0,0.8593259022669935,2.1334461711641897,3.133120079,1.581200787,14,,foul,S,59.1,-65.0,,1.0,,,,,,,,,,Good
2026-06-03,5,34,4,FC,Cutter,R,1,2,90.7,92.2,2304.0,212.0,6.9,-1.76,5.04,-0.15,0.63,22.7,0.3220875934892032,3.339970787683185,3.133120079,1.581200787,12,strikeout,swinging_strike,S,,,,,,,0.0,0.0,1.0,0.0,0.0,,,Good
2026-06-03,5,35,1,SI,Sinker,L,0,0,93.0,93.9,2070.0,244.0,6.9,-2.0,4.93,-1.42,-0.01,21.2,-0.0808379407824453,0.7034766370152643,3.217372047,1.623720472,13,,ball,B,,,,,,,,,,,,,,Good
2026-06-03,5,35,2,SI,Sinker,L,1,0,92.1,93.4,2042.0,238.0,6.9,-2.0,4.99,-1.14,0.12,25.9,-0.7891177467503554,3.3907513041566686,3.217372047,1.623720472,11,,ball,B,,,,,,,,,,,,,,Good
2026-06-03,5,35,3,CH,Changeup,L,2,0,85.7,87.1,1482.0,266.0,7.0,-2.1,4.77,-0.92,-0.24,18.7,0.3204942469962042,1.2491376058691008,3.217372047,1.623720472,14,,ball,B,,,,,,,,,,,,,,Good
2026-06-03,5,35,4,SI,Sinker,L,3,0,91.9,93.1,1921.0,243.0,6.9,-1.85,4.95,-1.13,0.08,20.4,-0.1322958531968721,2.404398918655265,3.217372047,1.623720472,5,field_out,hit_into_play,X,104.2,-6.0,2.0,20.0,0.28,0.311,0.258,0.0,1.0,0.0,0.0,159.85,156.98,Good
2026-06-03,5,36,1,FC,Cutter,L,0,0,89.6,90.9,2350.0,200.0,6.9,-1.97,5.06,0.11,0.7,25.8,-0.8925729010598215,3.848080308587877,3.292847769,1.661811024,11,,ball,B,,,,,,,,,,,,,,Good
2026-06-03,5,36,2,FC,Cutter,L,1,0,88.4,89.4,2282.0,211.0,6.8,-2.0,5.0,-0.03,0.74,26.2,-0.2347994048833205,3.484228534879243,3.292847769,1.661811024,11,,swinging_strike,S,,,,,,,,,,,,,,Good
2026-06-03,5,36,3,FF,4-Seam Fastball,L,1,1,92.3,93.8,2136.0,240.0,7.1,-1.84,5.05,-0.54,0.86,23.3,-1.0264227127226428,3.5265116977502924,3.292847769,1.661811024,11,,ball,B,,,,,,,,,,,,,,Good
2026-06-03,5,36,4,FF,4-Seam Fastball,L,2,1,91.7,92.8,2086.0,233.0,6.9,-1.73,5.03,-0.52,0.9,22.9,-0.4698872565400259,2.613609067852228,3.292847769,1.661811024,4,,foul,S,74.9,43.0,,212.0,,,,,,,,,,Good
2026-06-03,5,36,5,FC,Cutter,L,2,2,89.9,91.3,2356.0,217.0,7.0,-1.92,5.01,-0.03,0.75,25.2,0.0211590917361348,3.0470742781794864,3.292847769,1.661811024,2,field_out,hit_into_play,X,79.5,40.0,3.0,264.0,0.04,0.068,0.043,0.0,1.0,0.0,0.0,45.82,128.6,Good
2026-06-03,6,41,1,ST,Sweeper,L,0,0,83.3,84.4,2629.0,53.0,6.7,-2.09,4.89,1.36,-0.03,21.9,0.3165692104614679,1.2394446537997812,3.062910105,1.545767717,14,,ball,B,,,,,,,,,,,,,,Good
2026-06-03,6,41,2,ST,Sweeper,L,1,0,85.0,86.1,2548.0,51.0,6.7,-2.23,4.84,0.94,-0.2,19.0,0.4625709545860692,0.9753199787303188,3.062910105,1.545767717,14,,ball,B,,,,,,,,,,,,,,Good
2026-06-03,6,41,3,CH,Changeup,L,2,0,85.6,87.0,1448.0,269.0,6.7,-2.03,4.82,-0.84,-0.48,20.1,-0.958996565134092,1.967082551117552,3.062910105,1.545767717,13,,ball,B,,,,,,,,,,,,,,Good
2026-06-03,6,41,4,SI,Sinker,L,3,0,91.6,92.8,1987.0,238.0,7.0,-1.85,5.02,-1.16,-0.09,26.1,0.1336164132033175,2.09590397047542,3.062910105,1.545767717,5,,called_strike,S,,,,,,,,,,,,,,Good
2026-06-03,6,41,5,FC,Cutter,L,3,1,90.2,91.5,2366.0,230.0,6.9,-2.14,4.94,-0.06,0.54,21.6,-0.263217685685894,2.09641936852566,3.062910105,1.545767717,5,,called_strike,S,,,,,,,,,,,,,,Good
2026-06-03,6,41,6,FF,4-Seam Fastball,L,3,2,92.9,94.2,2164.0,233.0,6.9,-1.83,5.04,-0.62,0.9,24.3,-1.0979046265852015,3.945794681177113,3.062910105,1.545767717,11,walk,ball,B,,,,,,,0.699595,0.7,1.0,0.0,0.0,,,Good
2026-06-03,6,42,1,SI,Sinker,L,0,0,92.1,92.9,1950.0,242.0,7.0,-1.95,4.91,-1.2,-0.12,21.3,0.6068200687374798,1.998779239407514,3.087483596,1.558169291,9,field_out,hit_into_play,X,83.4,-20.0,2.0,6.0,0.073,0.088,0.067,0.0,1.0,0.0,0.0,139.06,148.93,Good
2026-06-03,6,43,1,FC,Cutter,L,0,0,90.5,92.4,2373.0,222.0,7.0,-1.93,4.92,-0.13,0.52,25.1,0.3455141896310446,2.8349009322954153,3.134875328,1.582086614,3,,called_strike,S,,,,,,,,,,,,,,Good
2026-06-03,6,43,2,CH,Changeup,L,0,1,87.5,88.9,1584.0,266.0,7.0,-1.98,4.59,-1.35,0.03,13.0,0.9173900342160493,0.6234402260735692,3.134875328,1.582086614,14,,blocked_ball,B,,,,,,,,,,,,,,Good
2026-06-03,6,43,3,CH,Changeup,L,1,1,85.9,87.2,1518.0,266.0,6.9,-2.04,4.71,-0.73,-0.68,17.4,-0.7104546063470446,2.3505230446752097,3.134875328,1.582086614,4,,called_strike,S,,,,,,,,,,,,,,Good
2026-06-03,6,43,4,FF,4-Seam Fastball,L,1,2,93.3,94.7,2181.0,233.0,6.9,-1.66,4.98,-0.74,0.75,22.2,-0.7496839907760243,3.990564772397837,3.134875328,1.582086614,11,,ball,B,,,,,,,,,,,,,,Good
2026-06-03,6,43,5,CH,Changeup,L,2,2,86.4,87.6,1474.0,270.0,6.8,-1.96,4.68,-0.67,-0.52,17.4,0.3829711108507106,1.543194208646614,3.134875328,1.582086614,9,field_out,hit_into_play,X,104.2,-7.0,2.0,13.0,0.395,0.43,0.364,0.0,1.0,0.0,0.0,144.71,147.63,Good
2026-06-03,6,44,1,FC,Cutter,L,0,0,91.4,92.9,2293.0,227.0,7.1,-1.77,4.99,0.05,0.57,23.8,-0.0534929828671779,3.254804779059306,3.368323491,1.699901575,2,,swinging_strike,S,,,,,,,,,,,,,,Good
2026-06-03,6,44,2,FF,4-Seam Fastball,L,0,1,92.9,94.3,2027.0,232.0,7.1,-1.91,4.99,-0.69,0.54,23.2,-0.4550281178410743,2.679289193828451,3.368323491,1.699901575,4,,foul,S,79.6,8.0,,322.0,,,,,,,,,,Good
2026-06-03,6,44,3,CH,Changeup,L,0,2,86.1,87.0,1436.0,270.0,6.8,-1.81,4.77,-0.68,-0.64,19.8,-0.5624274612015254,1.6586508536924551,3.368323491,1.699901575,7,field_out,hit_into_play,X,88.1,-32.0,2.0,3.0,0.065,0.075,0.064,0.0,1.0,0.0,0.0,158.9,159.79,Good
2026-06-03,7,48,1,ST,Sweeper,R,0,0,83.7,84.4,2725.0,60.0,6.8,-2.13,4.83,1.62,-0.03,20.4,0.8216575206857528,1.9237970783888825,3.127854331,1.578543307,9,,called_strike,S,,,,,,,,,,,,,,Good
2026-06-03,7,48,2,FC,Cutter,R,0,1,90.1,91.5,2501.0,208.0,6.9,-1.71,5.02,-0.09,0.48,23.8,0.6549853343772617,3.520238209443286,3.127854331,1.578543307,12,,ball,B,,,,,,,,,,,,,,Good
2026-06-03,7,48,3,ST,Sweeper,R,1,1,84.5,85.4,2704.0,44.0,6.8,-2.1,4.8,1.18,0.1,21.0,-0.3141926963722898,2.5595642262107465,3.127854331,1.578543307,4,field_out,hit_into_play,X,86.6,38.0,3.0,282.0,0.011,0.023,0.014,0.0,1.0,0.0,0.0,198.48,111.22,Good
2026-06-03,7,49,1,CH,Changeup,L,0,0,86.5,87.7,1439.0,277.0,6.8,-2.02,4.68,-0.49,-0.54,14.9,0.2028307585605486,1.2569134508329816,3.21035105,1.620177165,14,,ball,B,,,,,,,,,,,,,,Good
2026-06-03,7,49,2,FC,Cutter,L,1,0,90.6,92.0,2212.0,229.0,6.9,-1.8,4.87,0.0,0.5,19.7,-0.85551615501183,2.783091865338531,3.21035105,1.620177165,11,,called_strike,S,,,,,,,,,,,,,,Good
2026-06-03,7,49,3,CH,Changeup,L,1,1,85.5,86.6,1411.0,277.0,6.8,-1.95,4.69,-0.64,-0.24,16.5,0.6347411779400116,1.4940236686029875,3.21035105,1.620177165,14,,called_strike,S,,,,,,,,,,,,,,Good
2026-06-03,7,49,4,ST,Sweeper,L,1,2,83.4,84.3,2641.0,70.0,6.8,-2.14,4.8,0.56,-0.36,19.5,-0.8213943477162293,1.1604384953121865,3.21035105,1.620177165,13,single,hit_into_play,X,74.6,13.0,4.0,155.0,0.411,0.438,0.373,0.9,1.0,1.0,0.0,87.21,121.02,Good
2026-06-03,7,50,1,SI,Sinker,R,0,0,92.1,92.5,1972.0,243.0,6.8,-1.81,4.86,-1.22,-0.25,23.7,-0.7452290446691112,2.657538952337588,3.133120079,1.581200787,1,field_out,hit_into_play,X,83.6,48.0,3.0,252.0,0.003,0.003,0.003,0.0,1.0,0.0,0.0,175.93,111.38,Good
2026-06-03,7,51,1,SI,Sinker,L,0,0,91.5,92.3,2012.0,233.0,6.9,-1.97,4.89,-1.03,0.4,23.3,-0.1771891732431165,2.1545754476006143,3.217372047,1.623720472,5,,foul,S,69.3,33.0,,167.0,,,,,,,,,,Good
2026-06-03,7,51,2,SI,Sinker,L,0,1,91.9,92.9,1878.0,238.0,6.9,-1.96,4.93,-1.09,-0.18,25.0,0.2884298840573525,1.649576648909306,3.217372047,1.623720472,9,field_out,hit_into_play,X,103.3,-17.0,2.0,5.0,0.213,0.224,0.193,0.0,1.0,0.0,0.0,160.42,153.71,Good
2026-06-08,1,1,1,SI,Sinker,L,0,0,91.8,91.6,2019.0,238.0,6.8,-1.93,5.12,-1.18,-0.47,24.5,0.4833476610444178,2.795004950859032,3.488558071,1.760580709,6,,called_strike,S,,,,,,,,,,,,,,Good
2026-06-08,1,1,2,FC,Cutter,L,0,1,89.9,90.5,2346.0,231.0,6.8,-2.0,5.08,0.01,0.62,22.8,-0.6762518840400208,2.0925717377145983,3.488558071,1.760580709,7,,called_strike,S,,,,,,,,,,,,,,Good
2026-06-08,1,1,3,CH,Changeup,L,0,2,87.2,88.1,1601.0,271.0,6.7,-1.94,4.89,-0.79,-0.6,20.7,0.2349092994779101,0.5208214567067246,3.488558071,1.760580709,14,,ball,B,,,,,,,,,,,,,,Good
2026-06-08,1,1,4,FF,4-Seam Fastball,L,1,2,93.2,94.8,2170.0,233.0,6.8,-1.95,5.15,-0.84,0.73,27.7,-1.8775780073343835,2.7103919769629625,3.488558071,1.760580709,11,,ball,B,,,,,,,,,,,,,,Good
2026-06-08,1,1,5,ST,Sweeper,L,2,2,86.2,87.3,2623.0,52.0,6.7,-1.96,4.96,0.94,-0.38,23.3,0.9596993923954557,1.4119949896065025,3.488558071,1.760580709,14,strikeout,swinging_strike,S,,,,,,,0.0,0.0,1.0,0.0,0.0,,,Good
2026-06-08,1,2,1,FC,Cutter,L,0,0,90.3,91.8,2342.0,242.0,6.6,-2.08,5.01,-0.16,0.47,21.9,-0.1738318437340521,1.805953508265431,3.248088911,1.639222441,8,,called_strike,S,,,,,,,,,,,,,,Good
2026-06-08,1,2,2,SI,Sinker,L,0,1,92.8,93.8,1938.0,244.0,6.9,-1.74,5.04,-1.31,-0.16,24.1,-1.1771569977696683,1.4545213743730043,3.248088911,1.639222441,13,,ball,B,,,,,,,,,,,,,,Good
2026-06-08,1,2,3,SI,Sinker,L,1,1,92.7,93.8,1937.0,240.0,6.7,-1.87,5.05,-1.09,0.07,27.1,-0.9302468668003392,2.560305543168255,3.248088911,1.639222441,11,,foul,S,72.3,55.0,,190.0,,,,,,,,,,Good
2026-06-08,1,2,4,CH,Changeup,L,1,2,88.7,89.8,1456.0,272.0,6.8,-1.85,4.79,-1.27,-0.6,17.5,-0.6564841102843273,0.7442886074766117,3.248088911,1.639222441,13,,ball,B,,,,,,,,,,,,,,Good
2026-06-08,1,2,5,CH,Changeup,L,2,2,86.0,87.3,1482.0,275.0,6.9,-2.02,4.75,-0.66,-0.62,17.2,0.1323598143087518,0.8487709388044244,3.248088911,1.639222441,14,strikeout,swinging_strike,S,,,,,,,0.0,0.0,1.0,0.0,0.0,,,Good
2026-06-08,1,3,1,SI,Sinker,R,0,0,93.4,94.8,2050.0,240.0,7.0,-1.85,5.05,-1.33,0.08,28.6,0.9534687588064756,2.247706469017152,3.247211286,1.638779528,14,,ball,B,,,,,,,,,,,,,,Good
2026-06-08,1,3,2,SI,Sinker,R,1,0,91.9,93.6,1975.0,244.0,7.0,-1.83,5.08,-1.29,-0.03,23.8,0.6652657737898535,3.0864829478192406,3.247211286,1.638779528,3,,called_strike,S,,,,,,,,,,,,,,Good
2026-06-08,1,3,3,FC,Cutter,R,1,1,90.0,91.5,2238.0,255.0,7.0,-1.77,5.03,-0.22,0.6,22.9,1.4467274617567565,2.8305209129644933,3.247211286,1.638779528,12,,ball,B,,,,,,,,,,,,,,Good
2026-06-08,1,3,4,SI,Sinker,R,2,1,92.6,93.3,1947.0,237.0,6.8,-2.04,5.04,-1.74,-0.01,25.7,-0.0390856720472878,1.909575688413263,3.247211286,1.638779528,8,field_out,hit_into_play,X,110.1,7.0,4.0,170.0,0.689,0.793,0.635,0.0,1.0,0.0,0.0,107.64,135.54,Good
2026-06-08,2,9,1,SI,Sinker,L,0,0,91.0,90.5,2003.0,242.0,6.4,-1.88,5.19,-1.08,-0.43,23.8,0.7285153502958113,2.5868215737868656,3.222637795,1.626377953,6,,called_strike,S,,,,,,,,,,,,,,Good
2026-06-08,2,9,2,FF,4-Seam Fastball,L,0,1,92.9,93.1,2093.0,239.0,6.5,-1.96,5.17,-0.71,1.0,26.9,-0.8800796873738002,3.5642395922972856,3.222637795,1.626377953,11,,ball,B,,,,,,,,,,,,,,Good
2026-06-08,2,9,3,FF,4-Seam Fastball,L,1,1,92.1,92.7,2146.0,236.0,6.7,-1.88,5.15,-0.68,0.82,24.0,-1.302698679054182,3.3032613342700756,3.222637795,1.626377953,11,,ball,B,,,,,,,,,,,,,,Good
2026-06-08,2,9,4,SI,Sinker,L,2,1,92.0,92.3,2067.0,243.0,6.5,-1.9,5.04,-1.37,0.0,22.3,0.7970375314411859,2.707751705757827,3.222637795,1.626377953,6,,called_strike,S,,,,,,,,,,,,,,Good
2026-06-08,2,9,5,CH,Changeup,L,2,2,87.1,88.2,1553.0,271.0,6.8,-1.99,4.78,-0.79,-0.6,16.7,-0.3938390070658296,0.8845252121880143,3.222637795,1.626377953,13,,ball,B,,,,,,,,,,,,,,Good
2026-06-08,2,9,6,ST,Sweeper,L,3,2,83.4,84.3,2521.0,57.0,6.9,-2.2,4.75,1.7,-0.12,21.1,1.258808161841139,1.7420052044826235,3.222637795,1.626377953,14,strikeout,swinging_strike,S,,,,,,,0.0,0.0,1.0,0.0,0.0,,,Good
2026-06-08,2,10,1,SI,Sinker,R,0,0,91.5,92.3,2043.0,245.0,6.8,-1.8,5.07,-1.17,-0.1,27.8,0.6237771180987994,2.283446803319785,3.165592192,1.597588583,6,,called_strike,S,,,,,,,,,,,,,,Good
2026-06-08,2,10,2,FC,Cutter,R,0,1,89.8,91.7,2274.0,233.0,6.9,-1.76,5.1,-0.1,0.39,25.0,0.1939710463873463,3.198270796253783,3.165592192,1.597588583,2,,foul,S,76.7,16.0,,172.0,,,,,,,,,,Good
2026-06-08,2,10,3,FF,4-Seam Fastball,R,0,2,94.2,95.5,2156.0,235.0,7.0,-1.7,5.14,-0.57,0.95,26.0,0.0461031548114609,3.553846788059751,3.165592192,1.597588583,12,,foul,S,80.3,26.0,,246.0,,,,,,,,,,Good
2026-06-08,2,10,4,SI,Sinker,R,0,2,92.3,92.7,2064.0,245.0,6.9,-1.94,4.98,-1.44,-0.27,24.4,0.914386001906072,1.9546567730901043,3.165592192,1.597588583,14,,ball,B,,,,,,,,,,,,,,Good
2026-06-08,2,10,5,CH,Changeup,R,1,2,87.7,88.9,1494.0,272.0,6.9,-2.06,4.78,-0.88,-0.53,17.4,0.2554612791481081,0.7246877633448645,3.165592192,1.597588583,14,strikeout,swinging_strike_blocked,S,,,,,,,0.0,0.0,1.0,0.0,0.0,,,Good
2026-06-08,2,11,1,ST,Sweeper,L,0,0,85.9,87.0,2502.0,65.0,6.7,-2.09,4.83,1.06,0.01,21.0,-0.149106520945197,2.679855425839265,3.180511811,1.60511811,5,,called_strike,S,,,,,,,,,,,,,,Good
2026-06-08,2,11,2,CH,Changeup,L,0,1,87.0,88.4,1441.0,273.0,6.9,-1.92,4.78,-0.94,-0.48,16.4,0.0080461257006683,1.0669839723972985,3.180511811,1.60511811,14,,foul,S,,,,,,,,,,,,,,Good
2026-06-08,2,11,3,CH,Changeup,L,0,2,88.2,89.2,1552.0,266.0,6.8,-1.98,4.74,-1.27,-0.42,14.5,-1.1076001707058756,0.8795711100581944,3.180511811,1.60511811,13,,ball,B,,,,,,,,,,,,,,Good
2026-06-08,2,11,4,CH,Changeup,L,1,2,86.6,88.0,1498.0,272.0,7.0,-2.08,4.69,-0.96,-0.59,19.0,0.2456639060451403,1.1649560742064655,3.180511811,1.60511811,14,,foul,S,69.7,-26.0,,3.0,,,,,,,,,,Good
2026-06-08,2,11,5,FF,4-Seam Fastball,L,1,2,91.9,93.3,2035.0,236.0,6.8,-1.74,5.08,-0.62,0.66,25.5,-1.1483748523815125,3.105583854186169,3.180511811,1.60511811,11,,ball,B,,,,,,,,,,,,,,Good
2026-06-08,2,11,6,FF,4-Seam Fastball,L,2,2,94.1,95.5,2047.0,236.0,6.7,-1.85,5.12,-0.64,0.74,27.6,-0.2964536216742132,2.61058857838393,3.180511811,1.60511811,4,field_out,hit_into_play,X,77.5,-41.0,2.0,3.0,0.094,0.097,0.085,0.0,1.0,0.0,0.0,134.58,181.07,Good
2026-06-08,3,15,1,FC,Cutter,L,0,0,89.1,90.0,2190.0,219.0,6.6,-2.09,5.06,0.13,0.61,25.8,-1.2844497897679594,3.2077520441814773,3.175246063,1.60246063,11,,ball,B,,,,,,,,,,,,,,Good
2026-06-08,3,15,2,SI,Sinker,L,1,0,92.4,92.7,1946.0,240.0,6.8,-1.88,5.08,-1.37,-0.03,24.8,0.3017102156303388,2.7574484278525406,3.175246063,1.60246063,3,,called_strike,S,,,,,,,,,,,,,,Good
2026-06-08,3,15,3,SI,Sinker,L,1,1,91.8,92.0,2023.0,243.0,6.7,-2.01,5.02,-1.44,0.11,22.9,-0.2992357569866744,2.6837930055153976,3.175246063,1.60246063,4,,foul,S,64.6,46.0,,176.0,,,,,,,,,,Good
2026-06-08,3,15,4,SI,Sinker,L,1,2,93.1,94.1,1945.0,240.0,6.9,-1.84,5.03,-1.27,-0.21,21.1,0.3053284928117192,2.562763418262066,3.175246063,1.60246063,6,single,hit_into_play,X,85.9,5.0,4.0,82.0,0.38,0.397,0.342,0.9,1.0,1.0,0.0,169.22,130.92,Good
2026-06-08,3,16,1,ST,Sweeper,L,0,0,83.6,84.7,2629.0,70.0,6.8,-2.19,4.79,1.23,0.17,17.6,0.9762782002860746,2.0109849877170474,3.060277231,1.544438976,14,,ball,B,,,,,,,,,,,,,,Good
2026-06-08,3,16,2,CH,Changeup,L,1,0,86.7,88.3,1504.0,277.0,7.1,-2.11,4.79,-0.81,-0.62,19.1,-0.6800292943251687,2.004304822060321,3.060277231,1.544438976,7,double_play,hit_into_play,X,103.3,6.0,4.0,162.0,0.649,0.732,0.603,0.0,1.0,0.0,0.0,118.0,146.0,Good
2026-06-08,3,17,1,FF,4-Seam Fastball,L,0,0,93.3,94.6,2078.0,235.0,6.7,-1.69,5.08,-0.53,0.77,24.1,-0.7271984955938261,3.439753126396683,3.045357612,1.536909449,11,,ball,B,,,,,,,,,,,,,,Good
2026-06-08,3,17,2,FF,4-Seam Fastball,L,1,0,92.2,93.9,2067.0,236.0,7.0,-1.77,5.07,-0.63,0.69,26.7,0.9859864241498904,2.3583367059991147,3.045357612,1.536909449,12,,foul,S,53.6,69.0,,98.0,,,,,,,,,,Good
2026-06-08,3,17,3,FF,4-Seam Fastball,L,1,1,93.1,94.3,2100.0,233.0,6.8,-1.69,5.1,-0.65,0.75,23.3,-0.2460039475978028,3.2324872103068776,3.045357612,1.536909449,11,,swinging_strike,S,,,,,,,,,,,,,,Good
2026-06-08,3,17,4,FF,4-Seam Fastball,L,1,2,93.6,94.8,2052.0,240.0,6.8,-1.82,5.1,-0.75,0.81,24.3,-0.9229303466984166,2.410205124381493,3.045357612,1.536909449,11,,ball,B,,,,,,,,,,,,,,Good
2026-06-08,3,17,5,CH,Changeup,L,2,2,86.9,88.1,1481.0,271.0,7.0,-2.21,4.71,-1.1,-0.6,16.8,-0.5910936197946988,0.679426553904078,3.045357612,1.536909449,13,,ball,B,,,,,,,,,,,,,,Good
2026-06-08,3,17,6,CH,Changeup,L,3,2,86.2,87.3,1436.0,279.0,6.8,-2.01,4.76,-0.74,-0.51,16.0,0.4066739793604075,1.5415554573113797,3.045357612,1.536909449,9,,foul,S,69.1,-31.0,,3.0,,,,,,,,,,Good
2026-06-08,3,17,7,CH,Changeup,L,3,2,87.6,88.8,1568.0,267.0,6.9,-1.92,4.72,-1.02,-0.48,16.5,-0.1051734515989202,1.816261621438934,3.045357612,1.536909449,8,single,hit_into_play,X,96.4,12.0,4.0,237.0,0.934,1.113,0.9,0.9,1.0,1.0,0.0,179.28,120.11,Good
2026-06-08,3,18,1,CH,Changeup,L,0,0,85.8,87.6,1459.0,273.0,6.9,-2.12,4.81,-0.71,-0.42,20.5,-1.6764026285778462,2.369526827324238,3.488558071,1.760580709,13,,ball,B,,,,,,,,,,,,,,Good
2026-06-08,3,18,2,FC,Cutter,L,1,0,89.2,90.6,2257.0,228.0,6.8,-2.05,4.93,-0.16,0.66,21.3,0.0639128523711647,1.8470687067642249,3.488558071,1.760580709,8,,called_strike,S,,,,,,,,,,,,,,Good
2026-06-08,3,18,3,CH,Changeup,L,1,1,86.1,87.4,1469.0,276.0,6.9,-1.99,4.75,-0.84,-0.75,20.7,-0.925797637941976,1.3702093613975284,3.488558071,1.760580709,13,,ball,B,,,,,,,,,,,,,,Good
2026-06-08,3,18,4,CH,Changeup,L,2,1,86.5,87.7,1527.0,273.0,6.8,-1.99,4.77,-0.8,-0.51,16.8,-0.0319509296621263,2.1506542592996447,3.488558071,1.760580709,8,,foul,S,88.9,-33.0,,4.0,,,,,,,,,,Good
2026-06-08,3,18,5,FF,4-Seam Fastball,L,2,2,92.5,93.6,2003.0,241.0,6.8,-1.82,5.02,-0.81,0.9,24.6,-1.666896352748013,3.6529745426696754,3.488558071,1.760580709,11,,ball,B,,,,,,,,,,,,,,Good
2026-06-08,3,18,6,FC,Cutter,L,3,2,87.7,88.9,2306.0,250.0,6.9,-2.14,4.87,-0.06,0.41,24.2,-0.2636257825562854,2.25825132097195,3.488558071,1.760580709,8,field_out,hit_into_play,X,83.8,11.0,4.0,150.0,0.483,0.51,0.435,0.0,1.0,0.0,0.0,158.9,160.8,Good
2026-06-08,4,23,1,SI,Sinker,L,0,0,91.7,92.6,2023.0,232.0,6.7,-1.77,5.09,-1.49,0.17,24.6,-0.1839514076332347,2.4676305682800255,3.248088911,1.639222441,5,,foul,S,73.9,55.0,,205.0,,,,,,,,,,Good
2026-06-08,4,23,2,SI,Sinker,L,0,1,91.5,92.3,1851.0,245.0,6.7,-1.82,4.98,-1.29,-0.1,23.0,-1.7900190675321326,2.261808753690957,3.248088911,1.639222441,13,,ball,B,,,,,,,,,,,,,,Good
2026-06-08,4,23,3,SI,Sinker,L,1,1,92.5,93.4,1866.0,249.0,6.8,-1.76,4.96,-1.37,-0.09,21.5,0.142057784755055,1.6252877147663352,3.248088911,1.639222441,8,field_out,hit_into_play,X,104.0,-20.0,2.0,5.0,0.17,0.183,0.158,0.0,1.0,0.0,0.0,152.32,156.75,Good
2026-06-08,4,24,1,ST,Sweeper,R,0,0,84.6,85.1,2434.0,55.0,6.7,-2.08,4.87,1.1,-0.15,23.2,0.0840594263246349,2.2662566221454337,3.247211286,1.638779528,5,,called_strike,S,,,,,,,,,,,,,,Good
2026-06-08,4,24,2,FC,Cutter,R,0,1,88.6,90.1,2247.0,200.0,7.0,-1.71,5.08,-0.06,0.53,26.8,-0.3729711950120894,3.668079199381931,3.247211286,1.638779528,11,,ball,B,,,,,,,,,,,,,,Good
2026-06-08,4,24,3,CH,Changeup,R,1,1,86.9,88.4,1496.0,276.0,6.9,-1.9,4.77,-0.84,-0.48,20.6,-0.4161358901246147,1.679405950293514,3.247211286,1.638779528,7,,called_strike,S,,,,,,,,,,,,,,Good
2026-06-08,4,24,4,FC,Cutter,R,1,2,90.1,90.9,2159.0,241.0,6.9,-1.83,5.06,0.04,0.71,25.2,0.5190828404304854,3.8213497578811166,3.247211286,1.638779528,12,field_out,hit_into_play,X,87.4,-21.0,2.0,10.0,0.059,0.061,0.053,0.0,1.0,0.0,0.0,115.83,150.16,Good
2026-06-08,4,25,1,SI,Sinker,L,0,0,92.5,94.0,1992.0,243.0,6.9,-1.98,4.94,-1.22,0.1,25.8,-0.2929666121229795,2.289764520890454,3.222637795,1.626377953,4,,called_strike,S,,,,,,,,,,,,,,Good
2026-06-08,4,25,2,CH,Changeup,L,0,1,88.0,89.0,1446.0,273.0,6.9,-1.92,4.78,-1.07,-0.57,16.2,-0.5408218573766357,1.026828169179006,3.222637795,1.626377953,13,,ball,B,,,,,,,,,,,,,,Good
2026-06-08,4,25,3,SI,Sinker,L,1,1,91.6,92.7,2012.0,240.0,7.0,-1.72,4.92,-1.28,-0.01,21.7,1.0081376780572342,2.8270049897886156,3.222637795,1.626377953,12,,ball,B,,,,,,,,,,,,,,Good
2026-06-08,4,25,4,ST,Sweeper,L,2,1,85.1,86.0,2451.0,56.0,6.7,-2.14,4.76,0.7,0.24,20.2,-0.423124254295129,2.0891600838198188,3.222637795,1.626377953,7,field_out,hit_into_play,X,99.3,30.0,6.0,338.0,0.437,1.574,0.828,0.0,1.0,0.0,0.0,49.62,85.23,Good
2026-06-08,5,31,1,CH,Changeup,R,0,0,85.9,86.6,1478.0,269.0,6.8,-1.91,4.86,-1.16,-0.65,19.9,-1.0729449915827125,2.15487268995183,3.165592192,1.597588583,13,,swinging_strike,S,,,,,,,,,,,,,,Good
2026-06-08,5,31,2,FC,Cutter,R,0,1,89.4,90.8,2401.0,205.0,6.8,-1.81,5.06,-0.05,0.49,25.6,0.4239211003088857,3.4838518345287977,3.165592192,1.597588583,12,,foul_tip,S,,,,,,,,,,,,,,Good
2026-06-08,5,31,3,ST,Sweeper,R,0,2,84.6,85.5,2633.0,56.0,6.8,-1.99,4.84,1.31,-0.12,20.4,0.2450959982206273,1.5578496570234015,3.165592192,1.597588583,8,strikeout,swinging_strike,S,,,,,,,0.0,0.0,1.0,0.0,0.0,,,Good
2026-06-08,5,32,1,ST,Sweeper,L,0,0,84.3,84.8,2610.0,69.0,6.7,-2.04,4.82,1.32,0.03,18.6,-0.4175701942444745,2.81087276508078,3.180511811,1.60511811,1,,called_strike,S,,,,,,,,,,,,,,Good
2026-06-08,5,32,2,FF,4-Seam Fastball,L,0,1,93.4,94.2,2243.0,239.0,6.7,-1.56,5.11,-0.87,1.0,26.1,-0.3100189483036197,2.346662671843593,3.180511811,1.60511811,4,field_out,hit_into_play,X,104.7,19.0,6.0,383.0,0.543,1.169,0.717,0.0,1.0,0.0,0.0,126.35,43.95,Good
2026-06-08,5,33,1,CH,Changeup,L,0,0,86.6,87.8,1441.0,264.0,6.9,-1.77,4.83,-1.27,-0.46,18.1,-0.4147865908501202,2.2000015257975045,3.175246063,1.60246063,4,field_out,hit_into_play,X,98.4,-14.0,2.0,10.0,0.164,0.173,0.148,0.0,1.0,0.0,0.0,156.24,162.82,Good
2026-06-08,6,37,1,ST,Sweeper,L,0,0,83.7,84.3,2669.0,68.0,6.7,-2.0,4.83,0.83,0.4,21.8,-0.1873518744380033,2.303124023613106,3.060277231,1.544438976,5,field_out,hit_into_play,X,80.2,30.0,3.0,289.0,0.1,0.149,0.097,0.0,1.0,0.0,0.0,123.68,83.19,Good
2026-06-08,6,38,1,SI,Sinker,L,0,0,91.6,92.9,2071.0,242.0,6.9,-1.69,4.99,-1.34,0.01,22.7,0.2019802725459447,1.9276495367241,3.045357612,1.536909449,8,field_out,hit_into_play,X,90.6,-35.0,2.0,3.0,0.067,0.072,0.06,0.0,1.0,0.0,0.0,140.12,168.24,Good
2026-06-08,6,39,1,SI,Sinker,L,0,0,93.0,94.0,1998.0,240.0,6.9,-1.8,5.01,-1.41,0.25,26.0,0.5473636001591689,2.3242741471316597,3.488558071,1.760580709,6,,called_strike,S,,,,,,,,,,,,,,Good
2026-06-08,6,39,2,FF,4-Seam Fastball,L,0,1,92.6,93.7,2195.0,241.0,6.8,-1.74,5.1,-0.93,0.95,24.0,-0.5097659523637468,4.243723634322664,3.488558071,1.760580709,11,,ball,B,,,,,,,,,,,,,,Good
2026-06-08,6,39,3,FC,Cutter,L,1,1,90.1,91.7,2364.0,239.0,7.0,-1.91,4.86,-0.4,0.69,20.7,-0.7009989968260417,1.997718573042952,3.488558071,1.760580709,7,,called_strike,S,,,,,,,,,,,,,,Good
2026-06-08,6,39,4,FF,4-Seam Fastball,L,1,2,94.2,95.8,2275.0,236.0,7.1,-1.65,5.07,-0.96,0.94,26.1,-0.7614188063572149,2.4161404839590346,3.488558071,1.760580709,4,,ball,B,,,,,,,,,,,,,,Good
2026-06-08,6,39,5,CH,Changeup,L,2,2,86.8,88.1,1509.0,276.0,7.0,-1.96,4.67,-0.93,-0.57,17.3,0.1914381036239189,0.457977204839799,3.488558071,1.760580709,14,,ball,B,,,,,,,,,,,,,,Good
2026-06-08,6,39,6,SI,Sinker,L,3,2,91.3,92.4,1991.0,243.0,7.0,-1.72,4.94,-1.29,-0.15,21.6,0.4488322249193051,3.194174752599466,3.488558071,1.760580709,3,single,hit_into_play,X,114.3,5.0,5.0,117.0,0.7,0.835,0.672,0.9,1.0,1.0,0.0,129.34,111.69,Good
2026-06-08,6,40,1,SI,Sinker,L,0,0,90.3,92.1,1877.0,243.0,7.1,-1.85,4.84,-1.16,-0.13,20.7,-1.023338295175255,2.092539747162057,3.248088911,1.639222441,13,,ball,B,,,,,,,,,,,,,,Good
2026-06-08,6,40,2,CH,Changeup,L,1,0,87.1,88.5,1493.0,263.0,6.9,-1.95,4.8,-1.09,-0.11,19.9,-0.9954308834197774,2.565046303169664,3.248088911,1.639222441,11,,ball,B,,,,,,,,,,,,,,Good
2026-06-08,6,40,3,CH,Changeup,L,2,0,86.4,87.5,1271.0,274.0,7.0,-2.02,4.62,-0.8,-0.68,16.3,0.0916087771582105,1.4172229799354796,3.248088911,1.639222441,14,single,hit_into_play,X,107.6,-1.0,4.0,32.0,0.477,0.502,0.43,0.9,1.0,1.0,0.0,189.31,104.56,Good
2026-06-08,6,41,1,SI,Sinker,R,0,0,92.9,93.8,1940.0,243.0,7.1,-1.76,4.98,-1.26,-0.12,21.5,1.275685751069741,2.9850965757529737,3.247211286,1.638779528,12,,ball,B,,,,,,,,,,,,,,Good
2026-06-08,6,41,2,SI,Sinker,R,1,0,92.4,93.6,1917.0,249.0,7.1,-1.66,4.92,-1.23,0.04,21.8,0.4792928211529592,2.217142742333814,3.247211286,1.638779528,6,,called_strike,S,,,,,,,,,,,,,,Good
2026-06-08,6,41,3,CH,Changeup,R,1,1,85.3,87.0,1372.0,276.0,7.1,-1.78,4.67,-0.79,-0.39,17.5,0.0639790192394961,2.202823165786349,3.247211286,1.638779528,5,,swinging_strike,S,,,,,,,,,,,,,,Good
2026-06-08,6,41,4,FF,4-Seam Fastball,R,1,2,92.2,94.1,2021.0,241.0,7.2,-1.5,4.95,-0.63,0.76,23.9,0.6884660049591235,3.293337625604672,3.247211286,1.638779528,3,,foul,S,73.4,50.0,,206.0,,,,,,,,,,Good
2026-06-08,6,41,5,CH,Changeup,R,1,2,88.3,89.6,1447.0,267.0,6.9,-2.01,4.69,-0.94,-0.53,17.8,0.2599518056655334,1.5793069278185905,3.247211286,1.638779528,8,,foul,S,34.3,-71.0,,1.0,,,,,,,,,,Good
2026-06-08,6,41,6,CH,Changeup,R,1,2,86.5,88.0,1391.0,271.0,7.0,-1.91,4.63,-0.67,-0.45,16.9,0.2194320714724679,0.6484919929277893,3.247211286,1.638779528,14,,blocked_ball,B,,,,,,,,,,,,,,Good
2026-06-08,6,41,7,CH,Changeup,R,2,2,85.5,86.8,1437.0,269.0,7.0,-1.9,4.64,-0.82,-0.5,15.6,-1.2419737255035557,2.7105134657865944,3.247211286,1.638779528,11,strikeout,swinging_strike,S,,,,,,,0.0,0.0,1.0,0.0,0.0,,,Good
2026-06-08,7,48,1,CH,Changeup,L,0,0,83.8,85.2,1475.0,271.0,7.0,-2.11,4.72,-0.75,-0.62,15.8,-0.632843029706718,1.7430297161276895,3.222637795,1.626377953,7,single,hit_into_play,X,90.3,13.0,4.0,191.0,0.917,1.085,0.882,0.9,1.0,1.0,0.0,172.48,114.34,Good
2026-06-08,7,49,1,SI,Sinker,R,0,0,91.4,92.7,1932.0,241.0,7.0,-1.68,5.08,-1.41,0.23,26.5,-0.4128739391602665,1.894085162956519,3.165592192,1.597588583,7,grounded_into_double_play,hit_into_play,X,102.5,-21.0,2.0,5.0,0.183,0.198,0.172,0.0,1.0,0.0,0.0,102.66,165.87,Good
2026-06-08,7,50,1,ST,Sweeper,L,0,0,82.5,83.4,2548.0,64.0,6.9,-2.09,4.87,1.1,0.15,21.6,-0.7469643553637484,2.076710078814126,3.180511811,1.60511811,7,,called_strike,S,,,,,,,,,,,,,,Good
2026-06-08,7,50,2,CH,Changeup,L,0,1,86.9,88.1,1492.0,274.0,7.0,-1.99,4.72,-0.84,-0.58,17.2,-0.1350862109877115,1.252446078413052,3.180511811,1.60511811,13,field_out,hit_into_play,X,103.2,-1.0,4.0,30.0,0.46,0.5,0.421,0.0,1.0,0.0,0.0,152.82,153.71,Good
2026-06-08,8,56,1,FC,Cutter,L,0,0,89.8,91.1,2377.0,220.0,6.8,-1.92,5.07,-0.16,0.79,23.2,-0.2020490563893551,2.9775809752673537,3.175246063,1.60246063,2,field_out,hit_into_play,X,86.5,57.0,3.0,215.0,0.011,0.013,0.01,0.0,1.0,0.0,0.0,85.69,123.57,Good
2026-06-08,8,57,1,ST,Sweeper,L,0,0,83.6,84.7,2536.0,63.0,6.8,-2.02,4.82,1.44,0.14,18.7,-0.0435467550872834,1.736142626238606,3.060277231,1.544438976,8,,called_strike,S,,,,,,,,,,,,,,Good
2026-06-08,8,57,2,ST,Sweeper,L,0,1,82.7,83.7,2582.0,66.0,6.7,-2.11,4.79,1.53,0.25,20.8,-1.387679203596846,3.260399466481643,3.060277231,1.544438976,11,,ball,B,,,,,,,,,,,,,,Good
2026-06-08,8,57,3,FC,Cutter,L,1,1,90.1,91.7,2290.0,237.0,7.0,-1.76,4.98,-0.07,0.5,23.9,0.753710994549447,3.1958112021389775,3.060277231,1.544438976,12,,called_strike,S,,,,,,,,,,,,,,Good
2026-06-08,8,57,4,FF,4-Seam Fastball,L,1,2,93.0,94.4,2011.0,237.0,6.9,-1.57,5.04,-0.76,0.85,27.4,-0.038510313644627,2.817964749154883,3.060277231,1.544438976,2,,foul,S,56.5,28.0,,148.0,,,,,,,,,,Good
2026-06-08,8,57,5,CH,Changeup,L,1,2,86.8,88.4,1559.0,268.0,7.1,-1.95,4.79,-1.0,-0.46,17.1,0.057565539760627,1.0760023588412948,3.060277231,1.544438976,14,,ball,B,,,,,,,,,,,,,,Good
2026-06-08,8,57,6,FF,4-Seam Fastball,L,2,2,92.6,93.5,2044.0,242.0,7.0,-1.7,5.0,-0.85,1.17,23.8,0.1014384543773044,2.868732525018726,3.060277231,1.544438976,2,field_out,hit_into_play,X,84.9,31.0,3.0,304.0,0.037,0.076,0.047,0.0,1.0,0.0,0.0,187.03,92.53,Good
2026-06-08,8,58,1,SI,Sinker,L,0,0,91.9,92.8,2006.0,238.0,6.8,-1.8,4.98,-1.13,0.15,23.4,0.7555379072418567,1.9360368314365728,3.045357612,1.536909449,9,,called_strike,S,,,,,,,,,,,,,,Good
2026-06-08,8,58,2,FF,4-Seam Fastball,L,0,1,91.8,93.1,2011.0,239.0,6.8,-1.63,5.0,-0.57,0.83,27.9,-0.3424728937941014,3.362669645349553,3.045357612,1.536909449,11,,called_strike,S,,,,,,,,,,,,,,Good
2026-06-08,8,58,3,CH,Changeup,L,0,2,85.0,86.4,1506.0,277.0,6.9,-2.0,4.72,-0.68,-0.48,17.5,-0.1171145039925395,1.4182998792047363,3.045357612,1.536909449,8,strikeout,swinging_strike,S,,,,,,,0.0,0.0,1.0,0.0,0.0,,,Good
2026-06-14,1,1,1,SI,Sinker,L,0,0,92.8,93.6,2074.0,239.0,6.5,-1.94,5.08,-1.27,-0.07,21.0,-0.929633342500018,1.0209887548956322,3.202452428,1.616190945,13,,ball,B,,,,,,,,,,,,,,Good
2026-06-14,1,1,2,SI,Sinker,L,1,0,92.1,92.6,2026.0,246.0,6.7,-1.82,5.04,-1.49,-0.2,25.2,-0.3931012577301014,1.2228397266171736,3.202452428,1.616190945,13,,ball,B,,,,,,,,,,,,,,Good
2026-06-14,1,1,3,FC,Cutter,L,2,0,88.4,89.7,2347.0,206.0,6.7,-1.98,5.12,0.03,0.56,21.5,0.4071526778917978,3.099184755488178,3.202452428,1.616190945,3,,called_strike,S,,,,,,,,,,,,,,Good
2026-06-14,1,1,4,FF,4-Seam Fastball,L,2,1,94.3,95.5,2177.0,239.0,6.8,-1.77,5.11,-0.86,1.09,23.7,0.1872417442407116,2.1217795644219497,3.202452428,1.616190945,5,,called_strike,S,,,,,,,,,,,,,,Good
2026-06-14,1,1,5,CH,Changeup,L,2,2,88.9,90.3,1471.0,263.0,6.9,-1.97,4.83,-1.13,-0.19,16.4,0.0001701659986019,0.7228780644070549,3.202452428,1.616190945,14,,ball,B,,,,,,,,,,,,,,Good
2026-06-14,1,1,6,FF,4-Seam Fastball,L,3,2,94.0,95.8,2083.0,237.0,6.8,-1.74,5.12,-0.54,0.77,26.0,-0.5319562227717051,2.8776611246905692,3.202452428,1.616190945,1,strikeout,swinging_strike,S,,,,,,,0.0,0.0,1.0,0.0,0.0,,,Good
2026-06-14,1,2,1,SI,Sinker,R,0,0,93.2,93.8,2065.0,231.0,6.8,-1.75,5.13,-1.29,-0.04,25.3,0.3508228305217231,2.209523597379083,3.126099081,1.57765748,6,,called_strike,S,,,,,,,,,,,,,,Good
2026-06-14,1,2,2,SI,Sinker,R,0,1,92.5,93.3,165.0,233.0,6.9,-1.72,5.05,-1.08,-0.09,24.7,-0.3034356989372784,2.2683294007077848,3.126099081,1.57765748,4,,foul,S,73.9,16.0,,109.0,,,,,,,,,,Good
2026-06-14,1,2,3,SI,Sinker,R,0,2,92.6,93.7,1979.0,239.0,7.0,-1.82,4.98,-1.21,-0.16,24.3,-0.0461801807590325,1.8642761443410112,3.126099081,1.57765748,8,single,hit_into_play,X,99.0,4.0,4.0,95.0,0.489,0.559,0.457,0.9,1.0,1.0,0.0,110.76,153.2,Good
2026-06-14,1,3,1,ST,Sweeper,L,0,0,84.3,84.9,2714.0,54.0,6.7,-2.21,4.87,1.05,-0.28,18.1,0.9486860596375224,1.3229260454480247,3.166469816,1.598031496,14,,ball,B,,,,,,,,,,,,,,Good
2026-06-14,1,3,2,ST,Sweeper,L,1,0,84.3,84.8,2609.0,55.0,6.7,-2.33,4.82,1.0,-0.12,17.3,-0.5278874727577919,2.060503519236903,3.166469816,1.598031496,7,,called_strike,S,,,,,,,,,,,,,,Good
2026-06-14,1,3,3,ST,Sweeper,L,1,1,83.3,83.6,2732.0,57.0,6.7,-2.25,4.81,1.22,0.26,19.2,0.7374247981415242,1.185313734628672,3.166469816,1.598031496,14,,ball,B,,,,,,,,,,,,,,Good
2026-06-14,1,3,4,FC,Cutter,L,2,1,89.4,89.9,2400.0,216.0,6.8,-2.04,4.93,-0.12,0.34,20.5,-0.4775387765245277,2.087993374353471,3.166469816,1.598031496,4,single,hit_into_play,X,103.4,15.0,4.0,270.0,0.637,0.953,0.675,0.9,1.0,1.0,0.0,130.23,72.47,Good
2026-06-14,1,4,1,SI,Sinker,L,0,0,91.0,92.1,1847.0,252.0,6.9,-1.85,4.87,-1.02,-0.28,18.5,0.5355913364461315,1.8519370601724312,3.136630577,1.582972441,9,,called_strike,S,,,,,,,,,,,,,,Good
2026-06-14,1,4,2,FF,4-Seam Fastball,L,0,1,92.1,93.7,2040.0,237.0,6.8,-1.8,4.99,-0.63,0.75,23.7,0.054549465922258,2.07629039249959,3.136630577,1.582972441,5,grounded_into_double_play,hit_into_play,X,79.9,-6.0,2.0,16.0,0.124,0.149,0.112,0.0,1.0,0.0,0.0,127.09,176.09,Good
2026-06-14,2,8,1,ST,Sweeper,L,0,0,81.5,82.2,2568.0,68.0,6.5,-2.2,5.02,1.43,0.37,22.8,-1.936144187526644,3.074949953824973,3.181389436,1.605561024,11,,ball,B,,,,,,,,,,,,,,Good
2026-06-14,2,8,2,ST,Sweeper,L,1,0,82.8,83.7,2636.0,49.0,6.6,-2.07,4.94,1.22,0.47,18.7,0.0342702202054558,2.318334178656568,3.181389436,1.605561024,5,,called_strike,S,,,,,,,,,,,,,,Good
2026-06-14,2,8,3,ST,Sweeper,L,1,1,82.7,83.2,2566.0,61.0,6.5,-2.15,4.92,1.3,0.48,20.4,0.3871987647597803,2.516179443764552,3.181389436,1.605561024,6,field_out,hit_into_play,X,89.2,39.0,3.0,339.0,0.001,0.001,0.0,0.0,1.0,0.0,0.0,158.18,65.88,Good
2026-06-14,2,9,1,CH,Changeup,L,0,0,84.3,84.9,1469.0,289.0,6.7,-2.1,4.78,-0.7,-0.53,16.9,0.3439563611063894,1.0617454301693132,3.088361221,1.558612205,14,,ball,B,,,,,,,,,,,,,,Good
2026-06-14,2,9,2,SI,Sinker,L,1,0,92.0,92.4,1958.0,243.0,6.7,-1.88,5.0,-1.09,0.19,22.8,0.4810577563694784,1.9410232824789229,3.088361221,1.558612205,9,field_out,hit_into_play,X,79.8,32.0,3.0,289.0,0.051,0.1,0.063,0.0,1.0,0.0,0.0,148.62,85.12,Good
2026-06-14,2,10,1,SI,Sinker,R,0,0,91.9,93.3,1990.0,239.0,6.9,-1.75,5.08,-0.97,0.04,24.4,1.5231917076303363,2.778821219384073,3.257742782,1.644094488,12,,ball,B,,,,,,,,,,,,,,Good
2026-06-14,2,10,2,SI,Sinker,R,1,0,91.0,91.9,,,6.7,-1.89,4.98,-1.07,-0.03,20.0,-0.7449346134935524,2.218187091995139,3.257742782,1.644094488,4,field_out,hit_into_play,X,84.7,28.0,3.0,314.0,0.06,0.111,0.067,0.0,1.0,0.0,0.0,68.82,85.54,Good
2026-06-14,3,14,1,FC,Cutter,L,0,0,88.2,88.9,2265.0,223.0,6.6,-1.93,5.1,-0.04,0.57,23.6,-0.6744069111857912,2.391270723778808,3.040091864,1.534251969,4,,called_strike,S,,,,,,,,,,,,,,Good
2026-06-14,3,14,2,FF,4-Seam Fastball,L,0,1,91.5,92.8,2106.0,240.0,6.8,-1.77,5.06,-0.51,0.91,22.1,-0.1849149345544574,2.6661492232880075,3.040091864,1.534251969,2,,foul,S,70.4,35.0,,186.0,,,,,,,,,,Good
2026-06-14,3,14,3,CH,Changeup,L,0,2,84.8,85.5,1470.0,280.0,6.5,-2.0,4.85,-0.7,-0.51,17.5,-1.8229838441565696,1.367720342395434,3.040091864,1.534251969,13,,ball,B,,,,,,,,,,,,,,Good
2026-06-14,3,14,4,CH,Changeup,L,1,2,85.4,86.5,1429.0,281.0,6.8,-2.0,4.86,-0.52,-0.34,17.8,-0.7805587774234752,1.1092441578612182,3.040091864,1.534251969,13,strikeout,swinging_strike,S,,,,,,,0.0,0.0,1.0,0.0,0.0,,,Good
2026-06-14,3,15,1,FC,Cutter,R,0,0,88.8,90.3,2294.0,208.0,6.7,-1.95,5.07,-0.06,0.49,23.9,0.746494346418263,2.964430967154699,3.218249672,1.624163386,3,,called_strike,S,,,,,,,,,,,,,,Good
2026-06-14,3,15,2,ST,Sweeper,R,0,1,83.0,83.9,2683.0,58.0,6.4,-2.04,4.89,1.38,-0.2,19.3,-0.6913229848643117,2.5209921270526414,3.218249672,1.624163386,4,field_out,hit_into_play,X,79.5,51.0,3.0,227.0,0.046,0.055,0.041,0.0,1.0,0.0,0.0,135.49,109.24,Good
2026-06-14,3,16,1,FF,4-Seam Fastball,L,0,0,92.3,93.7,2076.0,236.0,6.8,-1.74,5.08,-0.73,0.77,23.0,-0.6669583319120429,2.56976222342007,3.202452428,1.616190945,4,,foul,S,79.0,64.0,,180.0,,,,,,,,,,Good
2026-06-14,3,16,2,FC,Cutter,L,0,1,90.9,92.0,2428.0,256.0,6.8,-1.79,4.97,-0.21,0.43,21.6,0.5850640592537907,1.7879228662686129,3.202452428,1.616190945,9,,foul,S,94.0,-10.0,,11.0,,,,,,,,,,Good
2026-06-14,3,16,3,CH,Changeup,L,0,2,87.2,88.3,1519.0,275.0,6.8,-1.93,4.79,-0.84,-0.43,16.4,0.6470245778048146,0.9567628191482548,3.202452428,1.616190945,14,,foul,S,104.2,-13.0,,5.0,,,,,,,,,,Good
2026-06-14,3,16,4,CH,Changeup,L,0,2,85.7,87.2,1450.0,274.0,6.8,-2.13,4.79,-0.87,-0.59,17.6,-1.2207864498167358,0.9121431689423364,3.202452428,1.616190945,13,,ball,B,,,,,,,,,,,,,,Good
2026-06-14,3,16,5,CH,Changeup,L,1,2,86.0,87.2,1626.0,280.0,6.8,-2.02,4.72,-0.87,-0.68,20.1,0.4988162685691374,0.6058693133104769,3.202452428,1.616190945,14,,foul,S,,,,,,,,,,,,,,Good
2026-06-14,3,16,6,CH,Changeup,L,1,2,86.3,87.8,1391.0,277.0,6.8,-2.03,4.76,-0.77,-0.37,17.5,-1.132190330511585,1.4102980294539345,3.202452428,1.616190945,13,,ball,B,,,,,,,,,,,,,,Good
2026-06-14,3,16,7,FF,4-Seam Fastball,L,2,2,93.1,94.3,2070.0,239.0,6.7,-1.84,5.1,-0.73,0.86,27.1,-1.0539884111682465,2.0078466852405388,3.202452428,1.616190945,13,,ball,B,,,,,,,,,,,,,,Good
2026-06-14,3,16,8,CH,Changeup,L,3,2,86.2,87.6,1460.0,280.0,6.9,-2.01,4.72,-0.65,-0.44,16.0,0.4788230285611804,0.4941836423705239,3.202452428,1.616190945,14,,foul,S,,,,,,,,,,,,,,Good
2026-06-14,3,16,9,FF,4-Seam Fastball,L,3,2,92.6,94.3,2094.0,230.0,6.9,-1.68,5.03,-0.53,0.84,22.2,-0.2081452619317528,2.693959257303331,3.202452428,1.616190945,5,single,hit_into_play,X,102.6,7.0,4.0,128.0,0.637,0.716,0.591,0.9,1.0,1.0,0.0,200.89,138.74,Good
2026-06-14,3,17,1,SI,Sinker,R,0,0,90.8,91.4,1832.0,240.0,6.9,-1.78,5.06,-1.24,-0.03,24.8,0.8421978903079099,1.914823563051009,3.126099081,1.57765748,14,,called_strike,S,,,,,,,,,,,,,,Good
2026-06-14,3,17,2,SI,Sinker,R,0,1,92.2,93.2,1910.0,233.0,6.9,-1.8,4.98,-1.22,0.11,24.3,0.6233933265088509,1.040897847807614,3.126099081,1.57765748,14,,ball,B,,,,,,,,,,,,,,Good
2026-06-14,3,17,3,FF,4-Seam Fastball,R,1,1,91.8,93.4,2090.0,244.0,7.0,-1.71,5.04,-0.6,0.82,26.7,1.067759203930322,2.6661319562661134,3.126099081,1.57765748,12,,ball,B,,,,,,,,,,,,,,Good
2026-06-14,3,17,4,ST,Sweeper,R,2,1,82.9,83.8,2716.0,48.0,6.9,-2.05,4.8,1.61,0.31,17.0,-0.068611478336503,2.4705223636770577,3.126099081,1.57765748,5,,called_strike,S,,,,,,,,,,,,,,Good
2026-06-14,3,17,5,CH,Changeup,R,2,2,87.9,88.8,1506.0,267.0,6.9,-1.88,4.72,-0.99,-0.57,16.8,2.025860223656889,-0.1387203657765163,3.126099081,1.57765748,14,,ball,B,,,,,,,,,,,,,,Good
2026-06-14,3,17,6,FF,4-Seam Fastball,R,3,2,92.5,94.1,2007.0,233.0,6.9,-1.75,5.02,-0.46,0.74,24.1,0.227525573007794,2.38453268828871,3.126099081,1.57765748,5,,foul,S,71.1,52.0,,201.0,,,,,,,,,,Good
2026-06-14,3,17,7,FF,4-Seam Fastball,R,3,2,91.3,93.1,2038.0,233.0,7.0,-1.78,5.04,-0.55,0.85,23.3,-0.6907098154685232,3.397921583917626,3.126099081,1.57765748,11,field_out,hit_into_play,X,73.6,27.0,4.0,250.0,0.76,0.84,0.695,0.0,1.0,0.0,0.0,82.39,117.22,Good
2026-06-14,4,22,1,ST,Sweeper,L,0,0,82.9,83.7,2703.0,60.0,6.6,-2.17,4.99,1.39,0.35,21.3,-0.7460497902168257,3.018796790096349,3.166469816,1.598031496,1,,ball,B,,,,,,,,,,,,,,Good
2026-06-14,4,22,2,ST,Sweeper,L,1,0,83.5,84.1,2723.0,66.0,6.5,-1.94,4.91,1.19,0.38,19.3,0.9751607930542036,2.778766616600097,3.166469816,1.598031496,12,,foul,S,,,,,,,,,,,,,,Good
2026-06-14,4,22,3,FF,4-Seam Fastball,L,1,1,92.6,93.9,2067.0,238.0,6.8,-1.74,5.12,-0.43,0.82,23.5,0.1983335620156697,3.186963964520334,3.166469816,1.598031496,2,,foul,S,74.9,60.0,,175.0,,,,,,,,,,Good
2026-06-14,4,22,4,FF,4-Seam Fastball,L,1,2,93.0,94.0,2140.0,235.0,6.6,-1.66,5.13,-0.62,0.91,27.0,-0.0990673659884681,3.397820793007886,3.166469816,1.598031496,11,,foul,S,77.3,34.0,,254.0,,,,,,,,,,Good
2026-06-14,4,22,5,FF,4-Seam Fastball,L,1,2,93.8,95.0,2259.0,233.0,6.7,-1.67,5.07,-0.59,1.01,26.0,0.0386827774837102,2.9805898135974473,3.166469816,1.598031496,2,field_out,hit_into_play,X,76.9,56.0,3.0,210.0,0.054,0.079,0.054,0.0,1.0,0.0,0.0,71.03,135.72,Good
2026-06-14,4,23,1,CH,Changeup,L,0,0,85.7,87.1,1586.0,271.0,6.8,-1.88,4.83,-0.73,-0.58,15.8,-0.4310340306404259,1.1466491295470695,3.136630577,1.582972441,13,,swinging_strike,S,,,,,,,,,,,,,,Good
2026-06-14,4,23,2,CH,Changeup,L,0,1,86.8,88.3,1512.0,269.0,6.9,-1.86,4.74,-0.91,-0.63,15.5,-0.2481765565027464,1.098797635264768,3.136630577,1.582972441,13,,swinging_strike,S,,,,,,,,,,,,,,Good
2026-06-14,4,23,3,CH,Changeup,L,0,2,87.0,88.9,1592.0,268.0,6.9,-1.85,4.76,-0.65,-0.47,17.3,0.9517548380618404,0.752120018145173,3.136630577,1.582972441,14,,ball,B,,,,,,,,,,,,,,Good
2026-06-14,4,23,4,CH,Changeup,L,1,2,86.1,86.9,1492.0,271.0,6.8,-1.96,4.79,-0.63,-0.14,19.9,0.4177341355317036,1.2451622586358342,3.136630577,1.582972441,14,,foul,S,90.9,-22.0,,3.0,,,,,,,,,,Good
2026-06-14,4,23,5,SI,Sinker,L,1,2,92.2,93.3,1868.0,239.0,6.9,-1.65,4.95,-1.14,-0.09,23.9,0.5590155348472783,3.092028920521933,3.136630577,1.582972441,3,strikeout,called_strike,S,,,,,,,0.0,0.0,1.0,0.0,0.0,,,Good
2026-06-14,4,24,1,ST,Sweeper,L,0,0,82.4,82.7,2754.0,65.0,6.4,-2.15,4.82,1.22,0.01,17.4,-1.162224878143213,2.955900720579262,3.181389436,1.605561024,11,,ball,B,,,,,,,,,,,,,,Good
2026-06-14,4,24,2,CH,Changeup,L,1,0,85.8,86.8,1393.0,275.0,6.6,-1.88,4.75,-0.56,-0.22,19.7,-0.6394532782146888,2.063048382874623,3.181389436,1.605561024,7,,called_strike,S,,,,,,,,,,,,,,Good
2026-06-14,4,24,3,ST,Sweeper,L,1,1,83.0,83.6,2762.0,65.0,6.5,-1.96,4.81,1.19,-0.01,18.3,-0.5294928231187015,2.4436576567930532,3.181389436,1.605561024,4,,called_strike,S,,,,,,,,,,,,,,Good
2026-06-14,4,24,4,CH,Changeup,L,1,2,87.1,88.2,1480.0,267.0,6.8,-1.89,4.74,-0.73,-0.48,17.0,0.5385183403786749,0.1655153472537054,3.181389436,1.605561024,14,,ball,B,,,,,,,,,,,,,,Good
2026-06-14,4,24,5,CH,Changeup,L,2,2,85.8,87.1,1365.0,276.0,6.9,-1.98,4.62,-0.58,-0.27,15.8,0.0718331102599206,1.4584025463963863,3.181389436,1.605561024,14,,foul,S,72.6,-25.0,,3.0,,,,,,,,,,Good
2026-06-14,4,24,6,ST,Sweeper,L,2,2,85.0,85.8,2749.0,63.0,6.6,-1.99,4.8,1.03,0.23,17.3,-0.2305541681807623,1.4352099529428246,3.181389436,1.605561024,13,,foul,S,,,,,,,,,,,,,,Good
2026-06-14,4,24,7,FF,4-Seam Fastball,L,2,2,92.8,94.6,2111.0,234.0,6.8,-1.78,5.05,-0.41,0.67,26.4,0.0389514178509335,3.392131783333273,3.181389436,1.605561024,12,strikeout,foul_tip,S,,,,,,,0.0,0.0,1.0,0.0,0.0,,,Good
2026-06-14,5,30,1,ST,Sweeper,L,0,0,83.9,84.6,2668.0,54.0,6.4,-2.1,4.9,1.25,0.18,18.6,0.4973589195247814,2.424858584876962,3.088361221,1.558612205,6,,called_strike,S,,,,,,,,,,,,,,Good
2026-06-14,5,30,2,ST,Sweeper,L,0,1,84.6,85.3,2709.0,59.0,6.4,-1.96,4.87,1.54,0.1,18.7,0.3626793245205559,2.328583532799807,3.088361221,1.558612205,6,field_out,hit_into_play,X,76.5,47.0,3.0,217.0,0.071,0.076,0.064,0.0,1.0,0.0,0.0,130.02,122.29,Good
2026-06-14,5,31,1,CH,Changeup,R,0,0,86.1,87.5,1446.0,269.0,6.8,-1.87,4.79,-0.79,-0.28,16.3,0.0733719429891449,2.1817301344154516,3.257742782,1.644094488,5,,called_strike,S,,,,,,,,,,,,,,Good
2026-06-14,5,31,2,ST,Sweeper,R,0,1,84.3,85.2,2769.0,60.0,6.8,-1.91,4.8,1.37,-0.1,19.2,0.9575886851769791,1.6429775741546924,3.257742782,1.644094488,14,,ball,B,,,,,,,,,,,,,,Good
2026-06-14,5,31,3,ST,Sweeper,R,1,1,83.9,85.4,2708.0,58.0,6.9,-2.03,4.87,1.25,0.27,19.8,0.8457738701791928,2.36415524768247,3.257742782,1.644094488,14,field_out,hit_into_play,X,82.7,8.0,4.0,109.0,0.409,0.445,0.369,0.0,1.0,0.0,0.0,107.31,137.65,Good
2026-06-14,5,32,1,CH,Changeup,L,0,0,86.6,87.9,1437.0,275.0,6.7,-1.77,4.78,-0.81,-0.24,18.3,0.6607496265348451,1.7348274569459918,3.040091864,1.534251969,9,,called_strike,S,,,,,,,,,,,,,,Good
2026-06-14,5,32,2,FF,4-Seam Fastball,L,0,1,92.1,93.9,2155.0,233.0,6.8,-1.8,5.02,-0.42,0.82,26.6,-0.2255668592322182,4.049568307675528,3.040091864,1.534251969,11,,ball,B,,,,,,,,,,,,,,Good
2026-06-14,5,32,3,CH,Changeup,L,1,1,85.2,86.3,1581.0,278.0,6.8,-1.92,4.66,-0.86,-0.52,14.6,-0.6635213547459056,0.9142267177182756,3.040091864,1.534251969,13,,ball,B,,,,,,,,,,,,,,Good
2026-06-14,5,32,4,FC,Cutter,L,2,1,90.3,91.6,2301.0,229.0,6.7,-1.89,4.94,-0.05,0.64,19.1,0.4733372217675832,2.4638909517698817,3.040091864,1.534251969,6,,foul,S,52.9,-27.0,,5.0,,,,,,,,,,Good
2026-06-14,5,32,5,CH,Changeup,L,2,2,86.9,88.6,1462.0,278.0,6.9,-1.87,4.75,-0.77,-0.35,16.6,0.9886049912853736,1.3889703439785763,3.040091864,1.534251969,14,,ball,B,,,,,,,,,,,,,,Good
2026-06-14,5,32,6,CH,Changeup,L,3,2,85.4,87.3,1513.0,278.0,6.9,-1.86,4.71,-0.61,-0.49,15.7,0.0646633534011887,1.5836893744173983,3.040091864,1.534251969,8,double,hit_into_play,X,107.3,8.0,4.0,144.0,0.646,0.719,0.591,1.25,1.0,1.0,1.0,206.5,101.73,Good
2026-06-14,5,33,1,ST,Sweeper,R,0,0,83.9,85.3,2658.0,64.0,6.9,-2.12,4.76,1.03,0.1,18.7,-0.4536060555475456,2.898100644507909,3.218249672,1.624163386,1,,foul,S,67.7,46.0,,193.0,,,,,,,,,,Good
2026-06-14,5,33,2,FC,Cutter,R,0,1,89.3,91.0,2269.0,201.0,6.9,-1.93,4.92,0.0,0.62,21.8,0.5732046435094726,2.1489100347045564,3.218249672,1.624163386,6,,called_strike,S,,,,,,,,,,,,,,Good
2026-06-14,5,33,3,FF,4-Seam Fastball,R,0,2,92.4,94.3,2189.0,237.0,7.0,-1.51,5.06,-0.52,0.81,26.1,1.2337660128469738,3.298129071275487,3.218249672,1.624163386,12,,ball,B,,,,,,,,,,,,,,Good
2026-06-14,5,33,4,ST,Sweeper,R,1,2,84.7,85.8,2764.0,52.0,6.9,-1.95,4.78,0.92,0.26,19.4,0.8717039069642131,2.0156916540003262,3.218249672,1.624163386,14,,foul,S,79.9,43.0,,225.0,,,,,,,,,,Good
2026-06-14,5,33,5,FC,Cutter,R,1,2,91.4,93.4,2261.0,244.0,7.1,-1.68,4.91,-0.24,0.61,19.7,1.5099846035680855,1.925039113183954,3.218249672,1.624163386,14,,ball,B,,,,,,,,,,,,,,Good
2026-06-14,5,33,6,ST,Sweeper,R,2,2,84.0,85.3,2761.0,52.0,6.8,-1.91,4.81,1.56,0.38,19.6,0.3036893529931639,2.7417239104712183,3.218249672,1.624163386,3,field_out,hit_into_play,X,82.3,70.0,3.0,135.0,0.003,0.003,0.003,0.0,1.0,0.0,0.0,85.43,172.46,Good
2026-06-14,6,43,1,SI,Sinker,L,0,0,92.2,93.7,1993.0,243.0,6.8,-1.68,5.06,-1.13,0.28,20.6,0.349412925926305,1.6636607722770034,3.202452428,1.616190945,9,single,hit_into_play,X,63.1,38.0,4.0,184.0,0.409,0.419,0.368,0.9,1.0,1.0,0.0,70.64,133.91,Good
2026-06-14,6,44,1,SI,Sinker,R,0,0,91.5,92.5,1873.0,237.0,6.8,-1.81,5.09,-1.16,-0.11,21.8,0.356554784873087,1.849039525170979,3.126099081,1.57765748,9,field_out,hit_into_play,X,82.6,-23.0,2.0,4.0,0.043,0.051,0.039,0.0,1.0,0.0,0.0,142.69,152.7,Good
2026-06-14,6,45,1,ST,Sweeper,L,0,0,81.6,82.0,2541.0,62.0,6.6,-2.0,4.78,1.72,0.1,17.3,-1.881433697201519,2.15630672263593,3.166469816,1.598031496,13,,ball,B,,,,,,,,,,,,,,Good
2026-06-14,6,45,2,ST,Sweeper,L,1,0,84.6,85.5,2589.0,52.0,6.6,-2.07,4.78,1.01,-0.05,17.2,0.1679382463031548,1.5311106668972334,3.166469816,1.598031496,8,,called_strike,S,,,,,,,,,,,,,,Good
2026-06-14,6,45,3,CH,Changeup,L,1,1,85.6,86.8,1391.0,276.0,6.8,-1.99,4.64,-0.75,-0.54,13.0,-0.8183419579938819,1.0152728295772957,3.166469816,1.598031496,13,,ball,B,,,,,,,,,,,,,,Good
2026-06-14,6,45,4,ST,Sweeper,L,2,1,83.1,83.5,2661.0,60.0,6.6,-1.83,4.77,1.46,0.48,16.0,0.1266748415869749,1.9988065768660903,3.166469816,1.598031496,8,,called_strike,S,,,,,,,,,,,,,,Good
2026-06-14,6,45,5,CH,Changeup,L,2,2,86.4,87.3,1363.0,281.0,6.7,-1.89,4.69,-0.92,-0.66,14.5,-0.5604581566451388,1.2958361572865449,3.166469816,1.598031496,13,strikeout,swinging_strike,S,,,,,,,0.0,0.0,1.0,0.0,0.0,,,Good
2026-06-14,6,46,1,FF,4-Seam Fastball,L,0,0,91.7,92.7,2091.0,237.0,6.9,-1.67,4.93,-0.47,0.89,21.1,0.8618671218409047,2.8307047632712505,3.136630577,1.582972441,12,field_out,hit_into_play,X,75.2,30.0,3.0,260.0,0.391,0.454,0.371,0.0,1.0,0.0,0.0,160.42,110.64,Good
2026-06-14,7,50,1,ST,Sweeper,L,0,0,84.1,84.7,2670.0,56.0,6.4,-1.91,4.93,1.4,0.12,19.0,0.2994231946209154,2.786811402560772,3.181389436,1.605561024,3,,foul,S,70.4,14.0,,134.0,,,,,,,,,,Good
2026-06-14,7,50,2,ST,Sweeper,L,0,1,83.8,84.4,2698.0,55.0,6.4,-1.97,4.87,1.55,0.03,18.4,-0.6584597789405378,2.5379540849389697,3.181389436,1.605561024,4,,called_strike,S,,,,,,,,,,,,,,Good
2026-06-14,7,50,3,CH,Changeup,L,0,2,87.6,88.9,1489.0,272.0,6.9,-1.89,4.75,-0.89,-0.41,17.8,-0.3565224499389809,1.3941231982721636,3.181389436,1.605561024,13,,ball,B,,,,,,,,,,,,,,Good
2026-06-14,7,50,4,CH,Changeup,L,1,2,84.4,85.6,1389.0,284.0,6.7,-1.91,4.67,-0.67,-0.48,14.3,-0.6851960463742904,1.5150096145239802,3.181389436,1.605561024,7,strikeout,swinging_strike,S,,,,,,,0.0,0.0,1.0,0.0,0.0,,,Good
2026-06-14,7,51,1,ST,Sweeper,L,0,0,83.8,84.1,2607.0,63.0,6.4,-2.03,4.8,1.32,0.13,17.2,-0.2572412590734327,1.7901363911140709,3.088361221,1.558612205,8,,called_strike,S,,,,,,,,,,,,,,Good
2026-06-14,7,51,2,ST,Sweeper,L,0,1,84.7,85.5,2536.0,57.0,6.6,-1.99,4.82,1.2,0.16,18.5,-0.0351919407262191,2.176050706946393,3.088361221,1.558612205,5,field_out,hit_into_play,X,94.3,-13.0,2.0,10.0,0.149,0.156,0.134,0.0,1.0,0.0,0.0,146.24,155.74,Good
2026-06-14,7,52,1,ST,Sweeper,R,0,0,84.6,86.0,2637.0,64.0,6.9,-2.03,4.78,0.75,0.17,19.6,0.0076710883930851,2.2026075977045227,3.257742782,1.644094488,5,field_out,hit_into_play,X,93.5,20.0,4.0,316.0,0.303,0.516,0.342,0.0,1.0,0.0,0.0,147.27,73.86,Good
2026-06-14,8,57,1,CH,Changeup,L,0,0,84.6,85.5,1432.0,270.0,6.4,-2.0,4.87,-0.93,-0.32,15.8,-1.6742267030597628,2.096163141830906,3.040091864,1.534251969,13,,ball,B,,,,,,,,,,,,,,Good
2026-06-14,8,57,2,FF,4-Seam Fastball,L,1,0,91.4,92.8,2112.0,229.0,6.7,-1.63,5.12,-0.59,1.04,26.7,-0.3444679241840043,3.119317545129878,3.040091864,1.534251969,1,,foul,S,76.6,17.0,,175.0,,,,,,,,,,Good
2026-06-14,8,57,3,FF,4-Seam Fastball,L,1,1,92.5,93.6,2063.0,236.0,6.8,-1.68,5.06,-0.62,0.84,23.6,0.4278522941937238,3.0299194480570955,3.040091864,1.534251969,3,,called_strike,S,,,,,,,,,,,,,,Good
2026-06-14,8,57,4,FF,4-Seam Fastball,L,1,2,92.7,93.8,2150.0,237.0,6.7,-1.71,5.07,-0.44,0.96,25.2,-0.5396251013189701,4.544210176718661,3.040091864,1.534251969,11,,ball,B,,,,,,,,,,,,,,Good
2026-06-14,8,57,5,FC,Cutter,L,2,2,90.6,92.0,2274.0,231.0,6.6,-1.81,4.88,-0.05,0.62,20.6,0.1719137153564141,1.5923160513073158,3.040091864,1.534251969,8,strikeout,called_strike,S,,,,,,,0.0,0.0,1.0,0.0,0.0,,,Good
2026-06-14,8,58,1,ST,Sweeper,R,0,0,84.5,85.5,2697.0,43.0,6.8,-2.0,4.78,1.38,0.12,20.4,0.9013953614878631,1.1707395163759182,3.218249672,1.624163386,14,,ball,B,,,,,,,,,,,,,,Good
2026-06-14,8,58,2,ST,Sweeper,R,1,0,85.5,86.3,2596.0,58.0,6.6,-1.93,4.86,0.93,0.21,19.5,0.3509093909165338,2.119794578782008,3.218249672,1.624163386,6,single,hit_into_play,X,72.6,3.0,2.0,46.0,0.146,0.173,0.132,0.9,1.0,1.0,0.0,125.89,151.06,Good
2026-06-14,8,59,1,SI,Sinker,L,0,0,93.2,94.7,2021.0,249.0,6.8,-1.72,4.89,-1.21,0.21,20.8,0.6926750557590897,0.8735242304807054,3.202452428,1.616190945,14,,ball,B,,,,,,,,,,,,,,Good
2026-06-14,8,59,2,SI,Sinker,L,1,0,92.9,94.3,2914.0,246.0,6.8,-1.8,4.9,-1.16,0.22,19.7,-0.0953186855984826,2.46331341326467,3.202452428,1.616190945,5,field_out,hit_into_play,X,103.9,9.0,4.0,149.0,0.771,0.92,0.738,0.0,1.0,0.0,0.0,148.59,145.96,Good
2026-06-14,8,60,1,CH,Changeup,R,0,0,84.6,86.0,1569.0,277.0,6.8,-1.85,4.75,-0.68,-0.39,18.2,-0.9838334191245846,1.9118870324885384,3.126099081,1.57765748,13,,ball,B,,,,,,,,,,,,,,Good
2026-06-14,8,60,2,ST,Sweeper,R,1,0,84.9,86.2,2595.0,42.0,6.9,-2.04,4.81,1.03,0.06,21.4,1.1265389794515066,1.7067765621646536,3.126099081,1.57765748,14,,swinging_strike,S,,,,,,,,,,,,,,Good
2026-06-14,8,60,3,ST,Sweeper,R,1,1,84.8,85.6,2656.0,67.0,6.6,-2.0,4.85,1.22,0.31,19.8,-0.7176861494568649,2.6002258599745303,3.126099081,1.57765748,4,single,hit_into_play,X,51.2,40.0,1.0,143.0,0.071,0.071,0.064,0.9,1.0,1.0,0.0,167.71,161.84,Good
2026-06-14,8,61,1,FF,4-Seam Fastball,L,0,0,93.3,94.3,2200.0,242.0,6.7,-1.79,4.95,-0.63,0.94,,0.2395477374852117,2.6035627880345587,3.166469816,1.598031496,5,field_out,hit_into_play,X,95.2,26.0,5.0,315.0,0.211,0.48,0.288,0.0,1.0,0.0,0.0,215.13,107.14,Good
2026-06-21,1,4,1,SI,Sinker,L,0,0,90.8,90.6,2056.0,241.0,6.6,-1.79,5.02,-1.5,-0.3,22.7,-0.1598472628135709,2.625092737615993,3.212106299,1.621062992,5,,called_strike,S,,,,,,,,,,,,,,Good
2026-06-21,1,4,2,FC,Cutter,L,0,1,89.8,89.8,2386.0,232.0,6.4,-1.91,4.96,-0.11,0.52,22.1,0.6941062429654359,3.0303553956904983,3.212106299,1.621062992,3,,foul,S,61.2,57.0,,147.0,,,,,,,,,,Good
2026-06-21,1,4,3,FF,4-Seam Fastball,L,0,2,91.9,92.5,2060.0,240.0,6.6,-1.68,5.04,-0.29,0.86,26.3,0.6358125574213147,3.8881936755422246,3.212106299,1.621062992,12,,ball,B,,,,,,,,,,,,,,Good
2026-06-21,1,4,4,FF,4-Seam Fastball,L,1,2,92.2,93.0,1992.0,239.0,6.6,-1.81,5.03,-0.39,0.76,24.2,-0.0600568500932608,3.0317108624596756,3.212106299,1.621062992,2,field_out,hit_into_play,X,84.3,33.0,3.0,288.0,0.009,0.009,0.008,0.0,1.0,0.0,0.0,45.62,114.64,Good
2026-06-21,1,5,1,ST,Sweeper,L,0,0,84.8,85.1,2668.0,61.0,6.5,-2.12,4.86,1.44,0.07,22.6,0.9855932365161052,1.3303696210258065,3.234046916,1.632135827,14,,ball,B,,,,,,,,,,,,,,Good
2026-06-21,1,5,2,ST,Sweeper,L,1,0,84.5,84.5,2509.0,55.0,6.3,-2.13,4.82,1.35,0.26,17.9,0.719137606124064,2.8161781264755814,3.234046916,1.632135827,3,field_out,hit_into_play,X,93.1,52.0,3.0,244.0,0.003,0.003,0.003,0.0,1.0,0.0,0.0,164.2,109.1,Good
2026-06-21,1,6,1,FC,Cutter,L,0,0,89.6,90.2,2284.0,234.0,6.5,-1.98,4.96,-0.05,0.65,20.9,0.0523607486814801,2.5799416524760685,3.055011483,1.541781496,5,,called_strike,S,,,,,,,,,,,,,,Good
2026-06-21,1,6,2,ST,Sweeper,L,0,1,83.8,83.8,2739.0,67.0,6.2,-2.06,4.82,1.62,0.49,17.1,-0.1823566940706364,1.9117444736491715,3.055011483,1.541781496,8,,called_strike,S,,,,,,,,,,,,,,Good
2026-06-21,1,6,3,ST,Sweeper,L,0,2,84.3,84.6,2605.0,67.0,6.5,-2.08,4.76,0.96,0.09,17.9,-0.6488341344232823,1.3661910458604374,3.055011483,1.541781496,13,,ball,B,,,,,,,,,,,,,,Good
2026-06-21,1,6,4,ST,Sweeper,L,1,2,85.1,85.5,2623.0,48.0,6.6,-1.95,4.78,1.02,0.19,17.8,1.4066684357536583,0.5660399320999878,3.055011483,1.541781496,14,,ball,B,,,,,,,,,,,,,,Good
2026-06-21,1,6,5,CH,Changeup,L,2,2,86.7,87.0,1440.0,266.0,6.5,-2.07,4.69,-0.95,-0.49,17.0,-0.3787958890577269,0.499072620763791,3.055011483,1.541781496,13,,ball,B,,,,,,,,,,,,,,Good
2026-06-21,1,6,6,ST,Sweeper,L,3,2,83.1,83.5,2632.0,64.0,6.5,-2.01,4.76,1.51,0.19,21.3,0.5541086276923404,2.3843058108259787,3.055011483,1.541781496,6,strikeout,foul_tip,S,,,,,,,0.0,0.0,1.0,0.0,0.0,,,Good
2026-06-21,2,11,1,SI,Sinker,L,0,0,91.0,91.5,2103.0,236.0,6.8,-1.89,4.97,-1.48,0.16,23.4,-0.1632530768620095,2.078130241779987,3.295480643,1.663139764,8,home_run,hit_into_play,X,106.2,31.0,6.0,426.0,0.857,3.391,1.74,2.0,1.0,0.0,3.0,159.84,29.75,Good
2026-06-21,2,12,1,ST,Sweeper,R,0,0,84.0,83.6,2701.0,59.0,6.5,-2.08,4.91,1.12,0.19,23.4,1.5913950748741406,2.057071839501421,3.136630577,1.582972441,14,,ball,B,,,,,,,,,,,,,,Good
2026-06-21,2,12,2,SI,Sinker,R,1,0,91.4,91.1,2056.0,237.0,6.7,-1.83,5.02,-1.62,-0.24,27.1,-0.1044497104939543,2.527312951734884,3.136630577,1.582972441,5,field_out,hit_into_play,X,99.2,-18.0,2.0,8.0,0.216,0.222,0.194,0.0,1.0,0.0,0.0,103.46,152.85,Good
2026-06-21,2,13,1,SI,Sinker,L,0,0,91.4,91.8,2023.0,241.0,6.7,-1.79,4.93,-1.33,-0.05,22.8,0.8869473673328538,3.249922443980394,3.369201116,1.700344488,12,,called_strike,S,,,,,,,,,,,,,,Good
2026-06-21,2,13,2,SI,Sinker,L,0,1,90.7,90.9,2026.0,241.0,6.6,-1.68,4.94,-1.29,-0.1,26.1,0.0189448162061911,2.8636988304489734,3.369201116,1.700344488,2,,foul,S,76.4,50.0,,216.0,,,,,,,,,,Good
2026-06-21,2,13,3,CH,Changeup,L,0,2,85.9,86.4,1534.0,268.0,6.6,-2.09,4.71,-1.04,-0.23,17.3,-0.3005974317198838,1.3314699266147398,3.369201116,1.700344488,13,,ball,B,,,,,,,,,,,,,,Good
2026-06-21,2,13,4,CH,Changeup,L,1,2,86.8,87.1,1534.0,266.0,6.6,-1.98,4.7,-1.13,-0.43,16.0,0.5339638373698026,0.2009114319648652,3.369201116,1.700344488,14,,ball,B,,,,,,,,,,,,,,Good
2026-06-21,2,13,5,CH,Changeup,L,2,2,85.1,85.8,1480.0,274.0,6.6,-2.07,4.72,-0.72,-0.47,17.6,0.6755632271552223,1.4176127452888831,3.369201116,1.700344488,14,,foul,S,81.1,-31.0,,3.0,,,,,,,,,,Good
2026-06-21,2,13,6,CH,Changeup,L,2,2,86.0,86.5,1476.0,270.0,6.6,-1.98,4.71,-0.84,-0.58,18.7,-0.7087899767563851,1.170759029338217,3.369201116,1.700344488,13,strikeout,swinging_strike,S,,,,,,,0.0,0.0,1.0,0.0,0.0,,,Good
2026-06-21,2,14,1,SI,Sinker,R,0,0,90.5,90.6,1938.0,244.0,6.7,-1.86,4.88,-1.22,-0.08,26.6,0.6412943002586258,2.428659898727604,3.165592192,1.597588583,6,,foul,S,75.7,49.0,,212.0,,,,,,,,,,Good
2026-06-21,2,14,2,SI,Sinker,R,0,1,92.2,92.9,2037.0,239.0,6.8,-1.71,4.94,-1.35,0.1,24.1,1.0311639708452114,2.0851525625790277,3.165592192,1.597588583,14,,called_strike,S,,,,,,,,,,,,,,Good
2026-06-21,2,14,3,FF,4-Seam Fastball,R,0,2,92.5,93.2,2170.0,233.0,6.7,-1.51,5.04,-0.65,0.76,27.6,1.350580082827766,3.26908865590038,3.165592192,1.597588583,12,,ball,B,,,,,,,,,,,,,,Good
2026-06-21,2,14,4,CH,Changeup,R,1,2,85.6,86.2,1568.0,276.0,6.8,-1.77,4.68,-0.8,-0.64,16.5,1.9484011468167188,0.3178004294922902,3.165592192,1.597588583,14,,ball,B,,,,,,,,,,,,,,Good
2026-06-21,2,14,5,CH,Changeup,R,2,2,86.1,86.7,1534.0,263.0,6.7,-1.83,4.74,-0.99,-0.55,18.5,1.0986122223314287,2.0712412968827603,3.165592192,1.597588583,14,,foul,S,69.3,-54.0,,1.0,,,,,,,,,,Good
2026-06-21,2,14,6,CH,Changeup,R,2,2,85.1,85.5,1349.0,272.0,6.5,-1.89,4.65,-0.93,-0.56,17.5,-0.4040985606875837,1.2720249516465234,3.165592192,1.597588583,13,strikeout,swinging_strike,S,,,,,,,0.0,0.0,1.0,0.0,0.0,,,Good
2026-06-21,3,21,1,SI,Sinker,L,0,0,91.0,91.3,1973.0,233.0,6.7,-1.75,5.01,-1.46,-0.3,22.2,-0.194052315438274,1.5999358533906922,3.220882546,1.625492126,8,,foul,S,73.2,-56.0,,1.0,,,,,,,,,,Good
2026-06-21,3,21,2,CH,Changeup,L,0,1,85.1,85.6,1559.0,272.0,6.5,-2.01,4.69,-0.79,-0.51,17.0,-1.4703441979745966,1.5890676767474208,3.220882546,1.625492126,13,,ball,B,,,,,,,,,,,,,,Good
2026-06-21,3,21,3,SI,Sinker,L,1,1,90.8,91.1,2029.0,236.0,6.5,-1.85,4.93,-1.27,0.32,24.2,-0.6662187397437567,2.41161041234932,3.220882546,1.625492126,4,field_out,hit_into_play,X,87.8,43.0,3.0,291.0,0.001,0.001,0.0,0.0,1.0,0.0,0.0,77.62,92.1,Good
2026-06-21,3,22,1,CH,Changeup,R,0,0,85.2,85.9,1575.0,267.0,6.7,-1.9,4.7,-1.09,-0.42,17.1,-0.0707922834492771,2.0422722445231725,3.112934711,1.57101378,8,,called_strike,S,,,,,,,,,,,,,,Good
2026-06-21,3,22,2,FF,4-Seam Fastball,R,0,1,91.3,92.4,2032.0,239.0,6.7,-1.68,5.01,-0.54,0.99,23.4,0.1115315953519031,2.9879668582178276,3.112934711,1.57101378,2,field_out,hit_into_play,X,86.8,40.0,3.0,296.0,0.006,0.006,0.005,0.0,1.0,0.0,0.0,199.68,104.72,Good
2026-06-21,3,23,1,CH,Changeup,L,0,0,85.7,86.4,1537.0,269.0,6.7,-1.93,4.68,-0.96,-0.28,16.2,0.554772890482455,1.203033453948419,3.212106299,1.621062992,14,,ball,B,,,,,,,,,,,,,,Good
2026-06-21,3,23,2,SI,Sinker,L,1,0,91.2,91.6,1976.0,240.0,6.7,-1.75,4.89,-1.35,-0.19,22.4,0.4597468636318544,2.720136987647895,3.212106299,1.621062992,6,,called_strike,S,,,,,,,,,,,,,,Good
2026-06-21,3,23,3,FF,4-Seam Fastball,L,1,1,92.3,92.9,2089.0,235.0,6.5,-1.71,5.01,-0.63,0.96,23.6,-0.2407808674516031,3.133414242793577,3.212106299,1.621062992,2,,foul,S,73.8,36.0,,218.0,,,,,,,,,,Good
2026-06-21,3,23,4,FC,Cutter,L,1,2,89.9,90.2,2300.0,227.0,6.5,-1.81,4.98,-0.05,0.77,24.2,0.5008164341206651,3.123561687867152,3.212106299,1.621062992,3,field_out,hit_into_play,X,70.8,53.0,3.0,190.0,0.126,0.185,0.139,0.0,1.0,0.0,0.0,149.49,128.15,Good
2026-06-21,4,27,1,CH,Changeup,L,0,0,85.9,85.9,1563.0,259.0,6.5,-1.88,4.77,-1.06,-0.32,19.3,0.1811226276235653,1.2082371015884332,3.234046916,1.632135827,14,,ball,B,,,,,,,,,,,,,,Good
2026-06-21,4,27,2,CH,Changeup,L,1,0,86.3,86.6,1580.0,265.0,6.8,-1.85,4.72,-1.04,-0.58,15.7,1.0804012467578803,0.6951948376307531,3.234046916,1.632135827,14,,swinging_strike,S,,,,,,,,,,,,,,Good
2026-06-21,4,27,3,ST,Sweeper,L,1,1,82.7,82.3,2694.0,66.0,6.1,-2.06,4.68,1.73,0.2,15.5,0.6843233250623002,2.120238677532297,3.234046916,1.632135827,9,,foul,S,,,,,,,,,,,,,,Good
2026-06-21,4,27,4,CH,Changeup,L,1,2,85.2,85.6,1504.0,271.0,6.6,-1.84,4.65,-0.66,-0.29,17.1,1.098069909920225,0.8420273048531923,3.234046916,1.632135827,14,strikeout,swinging_strike,S,,,,,,,0.0,0.0,1.0,0.0,0.0,,,Good
2026-06-21,4,28,1,FC,Cutter,L,0,0,88.7,88.9,2383.0,231.0,6.4,-1.9,4.87,-0.05,0.85,20.9,0.8854856302874407,2.046863952496546,3.055011483,1.541781496,14,,called_strike,S,,,,,,,,,,,,,,Good
2026-06-21,4,28,2,CH,Changeup,L,0,1,86.7,87.1,1612.0,268.0,6.6,-1.87,4.74,-0.97,-0.55,16.0,0.6224583845962689,1.7124675866038244,3.055011483,1.541781496,9,,foul,S,74.1,-34.0,,2.0,,,,,,,,,,Good
2026-06-21,4,28,3,CH,Changeup,L,0,2,86.3,86.6,1450.0,269.0,6.5,-1.89,4.69,-1.08,-0.57,16.9,-0.1341098886095593,1.2714782104817457,3.055011483,1.541781496,13,field_out,hit_into_play,X,88.9,-27.0,2.0,3.0,0.052,0.059,0.047,0.0,1.0,0.0,0.0,147.03,154.07,Good
2026-06-21,4,29,1,FF,4-Seam Fastball,L,0,0,92.1,92.7,2098.0,235.0,6.5,-1.75,4.96,-0.71,0.74,24.2,1.2746451173706146,3.5389826237383537,3.295480643,1.663139764,12,,ball,B,,,,,,,,,,,,,,Good
2026-06-21,4,29,2,FF,4-Seam Fastball,L,1,0,91.5,92.5,2130.0,242.0,6.8,-1.85,4.86,-0.83,0.68,23.5,0.0034738419867006,2.616210029746293,3.295480643,1.663139764,5,,foul,S,75.0,54.0,,202.0,,,,,,,,,,Good
2026-06-21,4,29,3,CH,Changeup,L,1,1,86.0,86.2,1553.0,266.0,6.4,-1.9,4.69,-0.93,-0.48,16.0,-0.9166440028289792,0.8469063164864323,3.295480643,1.663139764,13,,ball,B,,,,,,,,,,,,,,Good
2026-06-21,4,29,4,FC,Cutter,L,2,1,88.3,88.7,2291.0,185.0,6.5,-1.67,4.9,-0.07,0.47,26.7,0.1609589445588567,3.675948290804954,3.295480643,1.663139764,12,,ball,B,,,,,,,,,,,,,,Good
2026-06-21,4,29,5,FF,4-Seam Fastball,L,3,1,91.1,91.5,2056.0,243.0,6.5,-1.77,4.86,-0.82,0.86,19.1,-0.1193393940305622,3.9419687557102208,3.295480643,1.663139764,11,walk,ball,B,,,,,,,0.699595,0.7,1.0,0.0,0.0,,,Good
2026-06-21,4,30,1,FC,Cutter,R,0,0,89.2,89.5,2381.0,245.0,6.6,-1.71,4.89,0.25,0.67,21.3,2.4341275559036113,1.07206656593414,3.136630577,1.582972441,14,,ball,B,,,,,,,,,,,,,,Good
2026-06-21,4,30,2,CH,Changeup,R,1,0,85.0,85.8,1598.0,267.0,6.8,-1.83,4.69,-0.74,-0.39,20.9,1.0476919139305698,1.1505798633214006,3.136630577,1.582972441,14,,ball,B,,,,,,,,,,,,,,Good
2026-06-21,4,30,3,FC,Cutter,R,2,0,86.9,87.6,2525.0,216.0,6.7,-1.91,4.86,0.03,0.46,21.9,0.4058086840729149,2.861717114478026,3.136630577,1.582972441,3,,swinging_strike,S,,,,,,,,,,,,,,Good
2026-06-21,4,30,4,CH,Changeup,R,2,1,85.1,85.6,1574.0,265.0,6.6,-1.82,4.71,-0.88,-0.42,17.4,0.1456126870887925,1.2055201707485343,3.136630577,1.582972441,14,,swinging_strike,S,,,,,,,,,,,,,,Good
2026-06-21,4,30,5,CH,Changeup,R,2,2,86.4,87.2,1595.0,264.0,6.8,-1.87,4.72,-0.95,-0.49,19.3,0.2586874137480027,1.5405401716068825,3.136630577,1.582972441,8,,foul,S,56.4,53.0,,139.0,,,,,,,,,,Good
2026-06-21,4,30,6,FC,Cutter,R,2,2,87.2,87.8,2420.0,144.0,6.7,-1.76,4.92,0.2,0.33,22.3,1.04005170379622,2.218872791289893,3.136630577,1.582972441,14,double,hit_into_play,X,97.4,7.0,4.0,151.0,0.609,0.688,0.564,1.25,1.0,1.0,1.0,147.03,60.88,Good
2026-06-21,4,31,1,ST,Sweeper,L,0,0,83.9,84.1,2699.0,68.0,6.6,-2.03,4.69,1.53,0.26,16.3,1.2798679119302396,2.433526715821082,3.369201116,1.700344488,14,,foul,S,72.0,-15.0,,9.0,,,,,,,,,,Good
2026-06-21,4,31,2,CH,Changeup,L,0,1,86.1,86.7,1412.0,265.0,6.7,-1.92,4.62,-1.09,-0.58,16.1,-0.4925748633782001,1.2667545542121523,3.369201116,1.700344488,13,field_out,hit_into_play,X,73.9,-11.0,2.0,7.0,0.062,0.066,0.061,0.0,1.0,0.0,0.0,147.64,154.67,Good
2026-06-21,5,36,1,CH,Changeup,R,0,0,83.9,84.3,1565.0,266.0,6.5,-1.71,4.77,-0.92,-0.58,21.4,0.4781229915989406,1.986280202223901,3.165592192,1.597588583,9,,foul,S,76.2,-37.0,,3.0,,,,,,,,,,Good
2026-06-21,5,36,2,FF,4-Seam Fastball,R,0,1,91.5,92.3,2103.0,233.0,6.7,-1.63,5.06,-0.55,0.93,26.7,0.3934769795223616,3.7811819040087657,3.165592192,1.597588583,12,,ball,B,,,,,,,,,,,,,,Good
2026-06-21,5,36,3,CH,Changeup,R,1,1,86.7,87.4,1560.0,258.0,6.7,-1.73,4.74,-1.12,-0.22,16.7,0.6795780693947342,1.319015262722146,3.165592192,1.597588583,14,single,hit_into_play,X,97.8,12.0,4.0,203.0,0.949,1.151,0.92,0.9,1.0,1.0,0.0,70.82,103.94,Good
2026-06-21,5,37,1,CH,Changeup,L,0,0,86.7,87.3,1537.0,264.0,6.5,-1.9,4.81,-0.85,-0.53,22.5,-0.1663424346162469,1.6574391382920068,3.220882546,1.625492126,8,,foul,S,59.8,-61.0,,1.0,,,,,,,,,,Good
2026-06-21,5,37,2,CH,Changeup,L,0,1,84.2,84.5,1608.0,266.0,6.4,-1.96,4.7,-0.73,-0.7,18.2,-1.70851843955585,2.4119236762326275,3.220882546,1.625492126,13,,ball,B,,,,,,,,,,,,,,Good
2026-06-21,5,37,3,CH,Changeup,L,1,1,85.1,85.6,1523.0,267.0,6.5,-1.96,4.66,-0.81,-0.55,15.5,0.2311169246096625,0.9265595149747567,3.220882546,1.625492126,14,,swinging_strike,S,,,,,,,,,,,,,,Good
2026-06-21,5,37,4,CH,Changeup,L,1,2,86.0,86.6,1516.0,271.0,6.5,-1.91,4.71,-0.77,-0.54,16.1,0.3022529127244476,1.2104417878820608,3.220882546,1.625492126,14,strikeout,swinging_strike,S,,,,,,,0.0,0.0,1.0,0.0,0.0,,,Good
2026-06-21,5,38,1,SI,Sinker,R,0,0,92.7,93.4,1944.0,240.0,6.8,-1.61,4.91,-1.4,0.22,18.8,0.5674191455227411,2.5649481982821536,3.112934711,1.57101378,6,field_out,hit_into_play,X,96.3,38.0,3.0,326.0,0.069,0.238,0.117,0.0,1.0,0.0,0.0,219.65,117.15,Good
2026-06-21,5,39,1,FC,Cutter,L,0,0,89.4,90.3,2300.0,223.0,6.5,-1.78,4.92,-0.2,0.67,24.1,0.7530671918216788,2.7215902572953263,3.212106299,1.621062992,6,truncated_pa,called_strike,S,,,,,,,,0.0,0.0,0.0,0.0,,,Good
2026-06-21,6,44,1,ST,Sweeper,L,0,0,83.4,83.5,2731.0,63.0,6.4,-2.02,4.8,1.37,0.45,18.2,0.8157273992436787,2.43060649190825,3.212106299,1.621062992,6,,foul,S,81.0,-26.0,,5.0,,,,,,,,,,Good
2026-06-21,6,44,2,FF,4-Seam Fastball,L,0,1,90.7,91.3,2136.0,236.0,6.6,-1.75,4.98,-0.34,0.89,24.1,-1.1520078187274974,4.283585263237498,3.212106299,1.621062992,11,,ball,B,,,,,,,,,,,,,,Good
2026-06-21,6,44,3,FC,Cutter,L,1,1,89.5,90.0,2324.0,225.0,6.6,-1.88,4.92,0.03,0.68,26.1,0.6713391223201474,3.11631529249369,3.212106299,1.621062992,3,field_out,hit_into_play,X,67.8,66.0,3.0,120.0,0.006,0.008,0.007,0.0,1.0,0.0,0.0,107.89,157.37,Good
2026-06-21,6,45,1,ST,Sweeper,L,0,0,84.1,84.5,2731.0,63.0,6.6,-2.02,4.72,1.42,0.34,20.0,1.0721359296099209,1.6596024733147647,3.234046916,1.632135827,14,,swinging_strike,S,,,,,,,,,,,,,,Good
2026-06-21,6,45,2,CH,Changeup,L,0,1,87.1,87.2,1600.0,262.0,6.5,-1.85,4.66,-1.48,0.08,16.5,-0.4478716018654882,1.6366408396633545,3.234046916,1.632135827,7,field_out,hit_into_play,X,71.1,-28.0,2.0,3.0,0.049,0.054,0.044,0.0,1.0,0.0,0.0,149.45,158.3,Good
2026-06-21,6,46,1,ST,Sweeper,L,0,0,83.8,83.4,2716.0,59.0,6.3,-2.07,4.81,1.4,0.06,20.8,0.8367350352437017,2.13143914333003,3.055011483,1.541781496,14,,foul,S,,,,,,,,,,,,,,Good
2026-06-21,6,46,2,CH,Changeup,L,0,1,86.9,87.4,1563.0,265.0,6.6,-1.81,4.76,-0.94,-0.43,21.1,0.5677526807202841,1.5295445087599524,3.055011483,1.541781496,9,single,hit_into_play,X,93.5,6.0,4.0,95.0,0.503,0.577,0.477,0.9,1.0,1.0,0.0,182.73,106.26,Good
2026-06-21,6,47,1,FC,Cutter,L,0,0,89.4,90.1,2435.0,231.0,6.7,-1.71,4.91,0.02,0.55,22.6,1.0700277234932636,2.897231813218774,3.295480643,1.663139764,12,field_out,hit_into_play,X,75.2,61.0,3.0,158.0,0.029,0.043,0.034,0.0,1.0,0.0,0.0,117.98,140.75,Good
2026-06-21,7,51,1,ST,Sweeper,R,0,0,84.5,84.9,2626.0,54.0,6.5,-2.18,4.71,0.73,-0.04,18.9,-0.0795502973507786,1.867406254576495,3.136630577,1.582972441,8,,called_strike,S,,,,,,,,,,,,,,Good
2026-06-21,7,51,2,CH,Changeup,R,0,1,87.2,87.9,1639.0,260.0,6.8,-1.75,4.7,-1.43,0.08,18.3,1.023795165954596,1.3131123289883226,3.136630577,1.582972441,14,,ball,B,,,,,,,,,,,,,,Good
2026-06-21,7,51,3,CH,Changeup,R,1,1,86.3,87.3,1489.0,272.0,6.8,-1.75,4.67,-0.86,-0.21,18.8,0.3950826900532681,1.2063770809805523,3.136630577,1.582972441,14,,swinging_strike,S,,,,,,,,,,,,,,Good
2026-06-21,7,51,4,SI,Sinker,R,1,2,92.3,93.0,2051.0,244.0,6.9,-1.71,4.92,-1.53,0.12,24.5,0.0358669161906368,1.808691315152668,3.136630577,1.582972441,8,field_out,hit_into_play,X,97.3,25.0,5.0,340.0,0.274,0.647,0.387,0.0,1.0,0.0,0.0,182.31,73.39,Good
2026-06-21,7,52,1,ST,Sweeper,L,0,0,83.7,83.9,2653.0,64.0,6.5,-1.99,4.73,1.52,-0.07,19.1,0.662999680988277,1.8908147300197715,3.369201116,1.700344488,9,,called_strike,S,,,,,,,,,,,,,,Good
2026-06-21,7,52,2,CH,Changeup,L,0,1,87.3,87.9,1529.0,267.0,6.6,-1.93,4.64,-1.33,-0.22,15.7,-0.0748350040580478,0.7479155694292352,3.369201116,1.700344488,13,,foul,S,45.0,-54.0,,1.0,,,,,,,,,,Good
2026-06-21,7,52,3,CH,Changeup,L,0,2,86.2,86.9,1531.0,263.0,6.7,-1.89,4.65,-0.98,-0.55,15.9,-0.2626984938793235,1.2401164571733712,3.369201116,1.700344488,13,field_out,hit_into_play,X,73.6,69.0,3.0,126.0,0.001,0.001,0.0,0.0,1.0,0.0,0.0,84.1,170.4,Good
2026-06-21,7,53,1,SI,Sinker,R,0,0,92.4,93.0,1988.0,233.0,6.7,-1.49,4.91,-1.32,-0.14,25.5,0.7499175389211479,2.2747828747636594,3.165592192,1.597588583,6,,called_strike,S,,,,,,,,,,,,,,Good
2026-06-21,7,53,2,FC,Cutter,R,0,1,89.9,90.5,2367.0,228.0,6.6,-1.54,4.98,-0.12,0.73,23.1,1.6028944998910537,2.842056964063242,3.165592192,1.597588583,12,,ball,B,,,,,,,,,,,,,,Good
2026-06-21,7,53,3,FC,Cutter,R,1,1,89.6,90.3,2321.0,217.0,6.6,-1.7,4.96,0.15,0.6,25.1,0.925694297978212,3.1488617104002303,3.165592192,1.597588583,12,,swinging_strike,S,,,,,,,,,,,,,,Good
2026-06-21,7,53,4,FF,4-Seam Fastball,R,1,2,92.1,93.1,2119.0,236.0,6.7,-1.63,4.98,-0.65,0.87,26.9,0.412420990347313,2.4426400846661407,3.165592192,1.597588583,6,,foul,S,75.3,16.0,,167.0,,,,,,,,,,Good
2026-06-21,7,53,5,ST,Sweeper,R,1,2,84.2,84.7,2678.0,57.0,6.7,-1.9,4.71,1.41,0.14,19.2,2.1752991184035455,1.7723090712812524,3.165592192,1.597588583,14,,ball,B,,,,,,,,,,,,,,Good
2026-06-21,7,53,6,ST,Sweeper,R,2,2,83.9,84.3,2635.0,62.0,6.6,-1.8,4.78,1.13,0.0,19.3,0.9125719809087224,2.417079156399377,3.165592192,1.597588583,12,,foul,S,77.6,49.0,,234.0,,,,,,,,,,Good
2026-06-21,7,53,7,SI,Sinker,R,2,2,92.3,92.4,2020.0,232.0,6.7,-1.55,5.04,-1.47,-0.1,27.5,-0.4827962267197558,3.74973071032124,3.165592192,1.597588583,11,,ball,B,,,,,,,,,,,,,,Good
2026-06-21,7,53,8,SI,Sinker,R,3,2,92.1,92.5,2057.0,243.0,6.9,-1.69,4.88,-1.56,-0.05,22.9,0.334204082036045,1.7533212697022722,3.165592192,1.597588583,9,field_out,hit_into_play,X,90.2,31.0,3.0,311.0,0.051,0.104,0.06,0.0,1.0,0.0,0.0,183.88,87.63,Good
2026-06-21,8,57,1,ST,Sweeper,L,0,0,83.6,83.7,2682.0,64.0,6.4,-2.03,4.77,1.47,0.3,21.9,1.1677143298041806,2.2179630895996243,3.220882546,1.625492126,14,,ball,B,,,,,,,,,,,,,,Good
2026-06-21,8,57,2,ST,Sweeper,L,1,0,83.9,84.2,2784.0,65.0,6.4,-1.92,4.76,0.91,0.55,18.7,0.3362964249829198,2.3431993846057213,3.220882546,1.625492126,6,,called_strike,S,,,,,,,,,,,,,,Good
2026-06-21,8,57,3,CH,Changeup,L,1,1,86.4,86.5,1557.0,265.0,6.5,-1.97,4.61,-1.27,-0.37,15.6,0.2623852255598771,0.6641179543750892,3.220882546,1.625492126,14,,ball,B,,,,,,,,,,,,,,Good
2026-06-21,8,57,4,ST,Sweeper,L,2,1,83.3,83.3,2575.0,63.0,6.3,-2.03,4.73,1.3,0.25,17.1,-0.2877920437398242,2.4097706251832203,3.220882546,1.625492126,4,,called_strike,S,,,,,,,,,,,,,,Good
2026-06-21,8,57,5,CH,Changeup,L,2,2,86.2,86.4,1493.0,262.0,6.6,-1.89,4.66,-0.81,-0.21,18.5,0.5423792874291272,1.435301447810739,3.220882546,1.625492126,14,field_out,hit_into_play,X,103.9,2.0,4.0,55.0,0.54,0.596,0.5,0.0,1.0,0.0,0.0,160.34,164.96,Good
2026-06-21,8,58,1,CH,Changeup,R,0,0,84.5,84.5,1459.0,262.0,6.4,-1.82,4.67,-1.22,-0.18,18.9,-1.0402932719554854,2.853567280727969,3.112934711,1.57101378,11,,ball,B,,,,,,,,,,,,,,Good
2026-06-21,8,58,2,CH,Changeup,R,1,0,85.5,86.0,1353.0,269.0,6.6,-1.77,4.71,-0.96,-0.46,16.3,-0.4152447724812299,2.266501619996512,3.112934711,1.57101378,4,,foul,S,95.2,2.0,,62.0,,,,,,,,,,Good
2026-06-21,8,58,3,CH,Changeup,R,1,1,84.3,85.1,1397.0,276.0,6.7,-1.82,4.71,-0.9,-0.5,16.9,-1.0438253056525415,1.842108605576501,3.112934711,1.57101378,13,,ball,B,,,,,,,,,,,,,,Good
2026-06-21,8,58,4,CH,Changeup,R,2,1,86.3,86.7,1567.0,261.0,6.8,-1.74,4.71,-1.25,-0.26,20.3,1.482112458632444,1.1148797527084584,3.112934711,1.57101378,14,,ball,B,,,,,,,,,,,,,,Good
2026-06-21,8,58,5,SI,Sinker,R,3,1,92.2,92.4,1996.0,239.0,6.7,-1.61,4.87,-1.47,-0.25,21.2,-0.586079027185455,2.021991297237407,3.112934711,1.57101378,7,single,hit_into_play,X,68.4,35.0,4.0,235.0,0.823,0.89,0.757,0.9,1.0,1.0,0.0,78.77,117.32,Good
2026-06-21,8,59,1,CH,Changeup,L,0,0,86.4,86.8,1492.0,265.0,6.7,-1.95,4.62,-1.19,-0.33,15.2,0.6826747236476451,0.5063951303736944,3.212106299,1.621062992,14,,blocked_ball,B,,,,,,,,,,,,,,Good
2026-06-21,8,59,2,ST,Sweeper,L,1,0,83.9,84.1,2676.0,56.0,6.5,-1.95,4.67,1.44,0.16,18.9,1.6300354040793736,0.7839186134626019,3.212106299,1.621062992,14,,blocked_ball,B,,,,,,,,,,,,,,Good
2026-06-21,8,59,3,FC,Cutter,L,2,0,87.8,88.3,2311.0,224.0,6.6,-1.65,4.93,-0.01,0.6,23.2,0.709066870783913,2.4308315180643416,3.212106299,1.621062992,6,,foul,S,82.8,16.0,,203.0,,,,,,,,,,Good
2026-06-21,8,59,4,FC,Cutter,L,2,1,87.7,88.5,2287.0,227.0,6.7,-1.78,4.88,0.08,0.57,23.4,0.6063740422814342,2.742637511521595,3.212106299,1.621062992,3,sac_bunt,hit_into_play,X,34.0,-43.0,1.0,3.0,,,,0.2,0.0,0.0,0.0,119.8,188.61,Good
2026-06-21,8,60,1,CH,Changeup,L,0,0,85.2,85.0,1490.0,267.0,6.3,-1.79,4.61,-1.31,-0.29,16.7,0.3799269958752886,1.4239901648810238,3.234046916,1.632135827,14,field_out,hit_into_play,X,59.5,-48.0,1.0,1.0,0.246,0.246,0.225,0.0,1.0,0.0,0.0,152.08,171.56,Good
2026-06-27,1,1,1,SI,Sinker,L,0,0,91.8,92.7,2044.0,233.0,6.7,-1.95,5.16,-1.21,-0.16,22.0,-1.6015712178928792,2.3688707217599827,3.181389436,1.605561024,13,,ball,B,,,,,,,,,,,,,,Good
2026-06-27,1,1,2,SI,Sinker,L,1,0,92.2,93.0,2014.0,222.0,6.7,-1.91,5.14,-1.07,-0.05,25.7,-1.3455920573005344,2.0790520690186023,3.181389436,1.605561024,13,,swinging_strike,S,,,,,,,,,,,,,,Good
2026-06-27,1,1,3,FC,Cutter,L,1,1,89.6,90.3,2281.0,217.0,6.4,-2.02,5.15,0.27,0.64,25.6,-1.4758726332495395,3.7747673412422698,3.181389436,1.605561024,11,,ball,B,,,,,,,,,,,,,,Good
2026-06-27,1,1,4,FC,Cutter,L,2,1,89.6,89.6,2385.0,222.0,6.1,-1.86,5.22,0.0,0.92,24.9,0.0406237376862946,4.127001787815909,3.181389436,1.605561024,12,,ball,B,,,,,,,,,,,,,,Good
2026-06-27,1,1,5,CH,Changeup,L,3,1,84.3,85.1,1435.0,276.0,6.6,-2.0,4.84,-0.17,-0.47,18.2,-1.4447881934907594,3.0662669541410064,3.181389436,1.605561024,11,walk,ball,B,,,,,,,0.699595,0.7,1.0,0.0,0.0,,,Good
2026-06-27,1,2,1,SI,Sinker,L,0,0,91.5,92.5,2056.0,227.0,6.5,-1.95,5.06,-1.11,-0.06,21.1,-0.6374880990060199,2.923950252846207,2.984801509,1.506348425,1,,called_strike,S,,,,,,,,,,,,,,Good
2026-06-27,1,2,2,FC,Cutter,L,0,1,89.9,91.1,2470.0,214.0,6.4,-2.0,5.06,-0.11,0.6,22.2,-0.3083636102078783,3.633841307582198,2.984801509,1.506348425,11,,ball,B,,,,,,,,,,,,,,Good
2026-06-27,1,2,3,SI,Sinker,L,1,1,91.2,92.2,1910.0,238.0,6.6,-1.89,5.05,-1.27,-0.15,19.1,-0.4780025900347406,2.2315780210862033,2.984801509,1.506348425,4,field_out,hit_into_play,X,85.7,24.0,3.0,272.0,0.203,0.326,0.227,0.0,1.0,0.0,0.0,65.08,107.98,Good
2026-06-27,1,3,1,FF,4-Seam Fastball,L,0,0,91.6,92.6,2089.0,227.0,6.3,-1.76,5.16,-0.27,0.92,25.2,0.3423808795313162,4.777231469920914,3.37183399,1.701673228,12,,ball,B,,,,,,,,,,,,,,Good
2026-06-27,1,3,2,FC,Cutter,L,1,0,90.2,92.6,2303.0,229.0,7.1,-2.02,4.99,-0.2,0.82,19.5,-1.025367776565404,2.279575203216017,3.37183399,1.701673228,13,,ball,B,,,,,,,,,,,,,,Good
2026-06-27,1,3,3,SI,Sinker,L,2,0,90.5,91.8,1968.0,234.0,6.7,-1.92,5.05,-1.09,0.18,22.5,-0.8750477169821418,4.018803451036829,3.37183399,1.701673228,11,,ball,B,,,,,,,,,,,,,,Good
2026-06-27,1,3,4,SI,Sinker,L,3,0,92.4,94.1,1939.0,241.0,7.1,-1.97,5.06,-1.19,-0.11,22.8,-0.5556728194043683,1.5758114228360407,3.37183399,1.701673228,13,,called_strike,S,,,,,,,,,,,,,,Good
2026-06-27,1,3,5,SI,Sinker,L,3,1,92.4,93.9,1883.0,236.0,6.9,-1.88,5.05,-1.02,-0.11,20.9,0.4097389464767029,2.007739252846494,3.37183399,1.701673228,9,,foul,S,69.2,21.0,,175.0,,,,,,,,,,Good
2026-06-27,1,3,6,SI,Sinker,L,3,2,93.2,95.1,1802.0,236.0,7.1,-1.84,5.09,-1.22,0.24,23.8,-1.1317243820473506,2.380821807650309,3.37183399,1.701673228,13,strikeout,foul_tip,S,,,,,,,0.0,0.0,1.0,0.0,0.0,,,Good
2026-06-27,1,4,1,SI,Sinker,L,0,0,91.6,92.7,1830.0,236.0,6.8,-1.81,5.11,-1.07,-0.04,26.3,-0.0901199213536154,2.876256384290556,3.205962927,1.617962598,2,,foul,S,80.0,7.0,,108.0,,,,,,,,,,Good
2026-06-27,1,4,2,CH,Changeup,L,0,1,87.1,89.6,1457.0,271.0,7.3,-1.98,4.89,-0.85,-0.33,19.3,-0.1529274404435707,1.7673539700754568,3.205962927,1.617962598,8,field_out,hit_into_play,X,103.2,1.0,4.0,55.0,0.494,0.533,0.453,0.0,1.0,0.0,0.0,111.93,151.55,Good
2026-06-27,2,8,1,SI,Sinker,L,0,0,92.5,93.3,1973.0,237.0,6.6,-1.69,5.22,-1.12,0.06,24.0,-0.1632711110166174,2.847451696691298,3.176123688,1.602903543,2,,called_strike,S,,,,,,,,,,,,,,Good
2026-06-27,2,8,2,ST,Sweeper,L,0,1,83.7,84.7,2641.0,61.0,6.9,-1.96,4.95,1.54,0.15,19.9,0.3304529949971092,1.9169228360949984,3.176123688,1.602903543,9,,called_strike,S,,,,,,,,,,,,,,Good
2026-06-27,2,8,3,ST,Sweeper,L,0,2,84.2,84.9,2777.0,58.0,6.5,-2.18,4.98,1.43,0.05,18.8,-0.6421477224805618,3.0085773167605736,3.176123688,1.602903543,1,strikeout,called_strike,S,,,,,,,0.0,0.0,1.0,0.0,0.0,,,Good
2026-06-27,2,9,1,FC,Cutter,R,0,0,89.6,90.7,2313.0,220.0,6.8,-1.82,5.08,-0.03,0.54,25.3,0.7078335533263129,2.4858944835795915,3.17085794,1.600246063,6,double,hit_into_play,X,91.4,18.0,4.0,294.0,0.62,0.705,0.558,1.25,1.0,1.0,1.0,100.8,65.84,Good
2026-06-27,2,10,1,SI,Sinker,R,0,0,92.0,93.1,1980.0,241.0,6.9,-1.9,5.04,-1.03,-0.01,24.8,0.4557312520033438,2.9522882515803133,3.273540026,1.652066929,3,,called_strike,S,,,,,,,,,,,,,,Good
2026-06-27,2,10,2,FF,4-Seam Fastball,R,0,1,92.3,94.2,2090.0,238.0,6.8,-1.61,5.12,-0.56,0.65,25.9,-0.2667179126591507,3.4031124667384995,3.273540026,1.652066929,11,,called_strike,S,,,,,,,,,,,,,,Good
2026-06-27,2,10,3,ST,Sweeper,R,0,2,85.3,86.1,2695.0,58.0,6.9,-2.01,4.91,1.37,-0.02,21.3,1.2716690341404917,1.926268174573282,3.273540026,1.652066929,14,,foul,S,69.9,-7.0,,14.0,,,,,,,,,,Good
2026-06-27,2,10,4,SI,Sinker,R,0,2,91.6,92.7,2013.0,243.0,7.0,-1.76,5.04,-1.37,-0.11,22.5,0.7447238305244812,2.9045961417004516,3.273540026,1.652066929,3,strikeout,called_strike,S,,,,,,,0.0,0.0,1.0,0.0,0.0,,,Good
2026-06-27,2,11,1,FF,4-Seam Fastball,L,0,0,91.0,92.2,2071.0,235.0,6.8,-2.01,5.06,-0.54,0.99,23.0,-0.6615285001573751,3.600999327901927,3.125221457,1.577214567,11,,ball,B,,,,,,,,,,,,,,Good
2026-06-27,2,11,2,FC,Cutter,L,1,0,89.4,90.9,2259.0,232.0,7.0,-1.98,4.92,-0.06,0.79,20.2,-0.1354705632504501,2.3181156338495734,3.125221457,1.577214567,5,,called_strike,S,,,,,,,,,,,,,,Good
2026-06-27,2,11,3,FF,4-Seam Fastball,L,1,1,91.5,93.0,1978.0,234.0,6.9,-1.63,5.06,-0.37,0.89,23.9,-1.338167930593279,3.3899636221399554,3.125221457,1.577214567,11,,ball,B,,,,,,,,,,,,,,Good
2026-06-27,2,11,4,FF,4-Seam Fastball,L,2,1,91.9,93.6,2028.0,232.0,7.0,-1.75,5.07,-0.41,0.78,21.5,0.0998510939907935,3.0497524020875892,3.125221457,1.577214567,2,,swinging_strike,S,,,,,,,,,,,,,,Good
2026-06-27,2,11,5,ST,Sweeper,L,2,2,84.2,85.4,2672.0,53.0,7.2,-2.07,4.82,1.69,-0.11,19.7,1.689264834345344,0.7155291796100904,3.125221457,1.577214567,14,,blocked_ball,B,,,,,,,,,,,,,,Good
2026-06-27,2,11,6,ST,Sweeper,L,3,2,84.4,85.5,2622.0,52.0,7.0,-2.09,4.81,1.64,0.06,19.3,1.0869389349764935,1.8499223573464472,3.125221457,1.577214567,14,,foul,S,90.4,14.0,,205.0,,,,,,,,,,Good
2026-06-27,2,11,7,SI,Sinker,L,3,2,91.3,92.7,2002.0,242.0,7.1,-1.69,5.0,-1.12,-0.12,22.1,-0.4933913042679774,3.5972261369610408,3.125221457,1.577214567,11,walk,ball,B,,,,,,,0.699595,0.7,1.0,0.0,0.0,,,Good
2026-06-27,2,12,1,SI,Sinker,R,0,0,91.0,92.2,2034.0,239.0,6.8,-1.69,5.07,-1.23,0.1,25.0,0.4773256680284066,3.2871209531870296,3.136630577,1.582972441,12,,called_strike,S,,,,,,,,,,,,,,Good
2026-06-27,2,12,2,FF,4-Seam Fastball,R,0,1,90.8,92.2,2072.0,238.0,6.8,-1.69,5.07,-0.45,0.88,28.4,0.0702323166507556,3.4758297465945027,3.136630577,1.582972441,12,,called_strike,S,,,,,,,,,,,,,,Good
2026-06-27,2,12,3,CH,Changeup,R,0,2,86.7,87.9,1566.0,270.0,6.9,-1.8,4.84,-1.11,-0.39,20.8,0.4409324963796943,1.6939483573319625,3.136630577,1.582972441,9,,foul,S,55.0,-54.0,,1.0,,,,,,,,,,Good
2026-06-27,2,12,4,FF,4-Seam Fastball,R,0,2,92.1,93.7,1952.0,236.0,7.0,-1.58,5.17,-0.2,0.65,22.4,0.4586095839309561,3.534918564311824,3.136630577,1.582972441,12,,ball,B,,,,,,,,,,,,,,Good
2026-06-27,2,12,5,FF,4-Seam Fastball,R,1,2,91.6,93.6,2024.0,242.0,7.1,-1.68,5.02,-0.37,0.79,22.8,0.3551397211807199,3.2880705222999813,3.136630577,1.582972441,12,strikeout,called_strike,S,,,,,,,0.0,0.0,1.0,0.0,0.0,,,Good
2026-06-27,3,19,1,SI,Sinker,L,0,0,90.9,92.5,1973.0,242.0,6.8,-2.02,5.11,-1.3,0.19,22.8,-0.7838282228613651,2.4813988542504433,3.181389436,1.605561024,4,,called_strike,S,,,,,,,,,,,,,,Good
2026-06-27,3,19,2,FC,Cutter,L,0,1,90.7,92.6,2245.0,234.0,6.9,-1.68,5.15,-0.23,0.79,27.5,-0.2025700324667583,3.4063915147962147,3.181389436,1.605561024,11,,foul,S,76.0,37.0,,253.0,,,,,,,,,,Good
2026-06-27,3,19,3,FF,4-Seam Fastball,L,0,2,90.7,91.8,1964.0,233.0,6.7,-1.72,5.19,-0.7,0.8,26.3,-1.261958164489512,4.301932327777777,3.181389436,1.605561024,11,,ball,B,,,,,,,,,,,,,,Good
2026-06-27,3,19,4,CH,Changeup,L,1,2,85.7,87.0,1480.0,271.0,6.9,-1.84,4.94,-1.23,-0.37,19.1,-1.5595784954828702,1.960678612366738,3.181389436,1.605561024,13,,ball,B,,,,,,,,,,,,,,Good
2026-06-27,3,19,5,CH,Changeup,L,2,2,85.4,86.9,1460.0,272.0,6.9,-1.85,4.83,-0.69,-0.27,17.3,-1.1778019213206696,1.5935894636117958,3.181389436,1.605561024,13,,foul,S,,,,,,,,,,,,,,Good
2026-06-27,3,19,6,CH,Changeup,L,2,2,86.5,88.0,1462.0,272.0,6.9,-1.93,4.82,-1.01,-0.41,17.0,-2.032867282221698,1.8706230253089309,3.181389436,1.605561024,13,,ball,B,,,,,,,,,,,,,,Good
2026-06-27,3,19,7,SI,Sinker,L,3,2,92.1,93.4,1898.0,248.0,7.0,-1.73,5.0,-1.2,-0.03,24.7,-1.5719074088372371,2.5842657682579904,3.181389436,1.605561024,11,strikeout,swinging_strike,S,,,,,,,0.0,0.0,1.0,0.0,0.0,,,Good
2026-06-27,3,20,1,FF,4-Seam Fastball,L,0,0,91.8,93.5,2116.0,237.0,6.9,-1.82,5.1,-0.64,0.86,27.0,0.123968779006321,2.570035255994912,2.984801509,1.506348425,2,field_out,hit_into_play,X,78.2,34.0,3.0,258.0,0.094,0.151,0.105,0.0,1.0,0.0,0.0,75.31,109.18,Good
2026-06-27,3,21,1,CH,Changeup,L,0,0,85.4,86.8,1430.0,263.0,6.9,-1.84,4.88,-1.05,-0.11,19.0,-0.5848260200882835,2.1571664026750477,3.37183399,1.701673228,7,,called_strike,S,,,,,,,,,,,,,,Good
2026-06-27,3,21,2,SI,Sinker,L,0,1,91.2,92.7,1945.0,245.0,7.1,-1.71,4.98,-1.29,-0.04,23.6,0.2882800707381796,2.620601193989557,3.37183399,1.701673228,6,field_out,hit_into_play,X,100.2,35.0,5.0,357.0,0.351,1.329,0.688,0.0,1.0,0.0,0.0,74.25,64.25,Good
2026-06-27,4,28,1,SI,Sinker,L,0,0,91.5,93.2,2013.0,238.0,6.9,-2.05,5.17,-1.13,0.33,24.9,-1.402142913095248,2.4341197419494933,3.205962927,1.617962598,11,,ball,B,,,,,,,,,,,,,,Good
2026-06-27,4,28,2,ST,Sweeper,L,1,0,84.8,86.0,2513.0,48.0,6.7,-2.02,4.93,1.07,0.1,18.5,0.062899937486663,2.4589493787888306,3.205962927,1.617962598,5,,called_strike,S,,,,,,,,,,,,,,Good
2026-06-27,4,28,3,CH,Changeup,L,1,1,85.3,86.5,1531.0,262.0,6.8,-2.05,4.75,-1.24,-0.39,18.7,-0.212726549600134,1.0797657304241488,3.205962927,1.617962598,13,field_out,hit_into_play,X,87.2,-17.0,2.0,4.0,0.08,0.086,0.077,0.0,1.0,0.0,0.0,164.59,166.23,Good
2026-06-27,4,29,1,SI,Sinker,L,0,0,90.3,91.4,1824.0,243.0,6.7,-1.92,5.08,-1.06,-0.2,24.7,-1.304429242256631,2.3189088179192554,3.176123688,1.602903543,13,,ball,B,,,,,,,,,,,,,,Good
2026-06-27,4,29,2,FC,Cutter,L,1,0,88.6,90.5,2253.0,225.0,6.9,-1.82,5.12,-0.05,0.8,26.2,-1.7025506717044552,3.2853433355774966,3.176123688,1.602903543,11,,ball,B,,,,,,,,,,,,,,Good
2026-06-27,4,29,3,ST,Sweeper,L,2,0,83.6,84.9,2542.0,70.0,6.9,-2.0,4.89,1.31,-0.14,18.1,-0.0095530075381287,1.827706200790978,3.176123688,1.602903543,8,,foul,S,72.6,71.0,,130.0,,,,,,,,,,Good
2026-06-27,4,29,4,ST,Sweeper,L,2,1,83.0,84.5,2450.0,57.0,7.0,-2.2,4.84,1.29,-0.11,20.0,-1.2162592873080769,2.176002981789081,3.176123688,1.602903543,13,,ball,B,,,,,,,,,,,,,,Good
2026-06-27,4,29,5,SI,Sinker,L,3,1,90.8,91.8,1867.0,247.0,6.9,-1.65,4.99,-1.25,-0.14,24.4,-0.8301685486932764,2.325257471301489,3.176123688,1.602903543,13,field_out,hit_into_play,X,83.3,-7.0,2.0,17.0,0.105,0.114,0.094,0.0,1.0,0.0,0.0,154.2,151.67,Good
2026-06-27,4,30,1,SI,Sinker,R,0,0,91.2,92.5,1961.0,232.0,6.9,-1.72,5.11,-1.38,0.03,27.9,-0.1265021567415785,3.054264055753048,3.17085794,1.600246063,2,,foul,S,79.1,54.0,,199.0,,,,,,,,,,Good
2026-06-27,4,30,2,SI,Sinker,R,0,1,90.8,92.0,2007.0,234.0,7.1,-1.8,5.08,-1.37,0.05,23.9,0.6722687190951389,2.795864247390784,3.17085794,1.600246063,3,field_out,hit_into_play,X,94.4,-3.0,2.0,34.0,0.249,0.297,0.234,0.0,1.0,0.0,0.0,132.1,146.09,Good
2026-06-27,5,34,1,FF,4-Seam Fastball,R,0,0,90.9,92.0,1981.0,233.0,6.9,-1.54,5.21,-0.58,1.12,27.5,0.5128949560696526,2.6866719914001047,3.273540026,1.652066929,6,,swinging_strike,S,,,,,,,,,,,,,,Good
2026-06-27,5,34,2,SI,Sinker,R,0,1,90.3,91.4,1923.0,238.0,6.9,-1.6,5.19,-1.39,0.19,26.9,-0.0310696375055574,3.20298534048079,3.273540026,1.652066929,2,,called_strike,S,,,,,,,,,,,,,,Good
2026-06-27,5,34,3,CH,Changeup,R,0,2,86.9,88.2,1524.0,269.0,6.9,-1.66,4.89,-0.85,-0.47,20.2,1.5768310536327057,0.852371675702543,3.273540026,1.652066929,14,,ball,B,,,,,,,,,,,,,,Good
2026-06-27,5,34,4,CH,Changeup,R,1,2,86.7,88.0,1531.0,274.0,6.9,-1.81,4.83,-0.78,-0.49,19.8,0.6722239424590832,1.2065545239658015,3.273540026,1.652066929,14,field_out,hit_into_play,X,77.4,-6.0,2.0,11.0,0.062,0.066,0.056,0.0,1.0,0.0,0.0,131.68,180.41,Good
2026-06-27,5,35,1,SI,Sinker,L,0,0,90.1,91.1,1903.0,241.0,6.8,-1.77,5.04,-1.2,-0.02,23.2,-2.1590970195017505,3.249934748037401,3.125221457,1.577214567,11,,ball,B,,,,,,,,,,,,,,Good
2026-06-27,5,35,2,ST,Sweeper,L,1,0,83.0,84.1,2526.0,65.0,7.0,-2.11,4.89,1.3,-0.03,18.8,-1.7153870961195357,3.147583732656181,3.125221457,1.577214567,11,,ball,B,,,,,,,,,,,,,,Good
2026-06-27,5,35,3,SI,Sinker,L,2,0,91.6,92.9,1940.0,241.0,6.9,-1.78,5.04,-1.26,-0.12,22.2,-0.6707154910080271,2.8776524106685235,3.125221457,1.577214567,1,,called_strike,S,,,,,,,,,,,,,,Good
2026-06-27,5,35,4,FC,Cutter,L,2,1,89.7,91.0,2390.0,231.0,6.7,-1.85,5.02,-0.06,0.71,20.9,-1.548205450270158,3.6294491308361048,3.125221457,1.577214567,11,,ball,B,,,,,,,,,,,,,,Good
2026-06-27,5,35,5,SI,Sinker,L,3,1,91.4,93.2,1976.0,237.0,7.1,-1.73,5.04,-1.12,0.12,25.5,0.0772069914107784,2.4849093487944898,3.125221457,1.577214567,5,field_out,hit_into_play,X,100.5,32.0,6.0,395.0,0.463,1.75,0.909,0.0,1.0,0.0,0.0,150.05,40.67,Good
2026-06-27,5,36,1,SI,Sinker,R,0,0,91.5,93.3,1970.0,240.0,7.1,-1.79,5.1,-1.28,0.34,25.1,0.8751104217840933,2.8611320789983297,3.136630577,1.582972441,12,,called_strike,S,,,,,,,,,,,,,,Good
2026-06-27,5,36,2,FC,Cutter,R,0,1,89.8,91.5,2290.0,223.0,7.0,-1.76,5.05,-0.2,0.55,24.7,0.9727461828926804,2.448150459434105,3.136630577,1.582972441,12,,ball,B,,,,,,,,,,,,,,Good
2026-06-27,5,36,3,FF,4-Seam Fastball,R,1,1,92.8,94.5,2203.0,234.0,6.9,-1.54,5.13,-0.51,0.87,28.6,-0.4076303203610882,3.2742080607542716,3.136630577,1.582972441,11,,swinging_strike,S,,,,,,,,,,,,,,Good
2026-06-27,5,36,4,ST,Sweeper,R,1,2,84.2,85.5,2717.0,62.0,7.1,-1.89,4.88,1.4,0.33,21.0,1.12037560882026,1.764014062365285,3.136630577,1.582972441,14,,ball,B,,,,,,,,,,,,,,Good
2026-06-27,5,36,5,FF,4-Seam Fastball,R,2,2,92.7,94.7,1996.0,238.0,7.1,-1.51,5.12,-0.75,0.85,28.4,0.6629357776018381,3.177654585966438,3.136630577,1.582972441,3,,foul,S,,,,,,,,,,,,,,Good
2026-06-27,5,36,6,FF,4-Seam Fastball,R,2,2,92.0,93.5,1990.0,240.0,7.0,-1.54,5.17,-0.73,0.97,28.6,0.0517817066099002,3.3863952912766613,3.136630577,1.582972441,12,strikeout,foul_tip,S,,,,,,,0.0,0.0,1.0,0.0,0.0,,,Good
2026-06-27,6,40,1,ST,Sweeper,L,0,0,82.4,83.8,2574.0,66.0,7.0,-2.07,4.96,1.57,0.1,20.9,-1.2376526644966632,2.7641265432813564,3.181389436,1.605561024,11,,ball,B,,,,,,,,,,,,,,Good
2026-06-27,6,40,2,CH,Changeup,L,1,0,87.5,89.5,1657.0,263.0,7.0,-1.91,4.9,-1.35,-0.17,17.9,-0.6612403638140458,1.9598150358032456,3.181389436,1.605561024,7,,called_strike,S,,,,,,,,,,,,,,Good
2026-06-27,6,40,3,ST,Sweeper,L,1,1,84.5,85.6,2543.0,58.0,6.9,-1.81,4.85,1.3,0.28,18.9,1.218946747418714,1.5173423528348589,3.181389436,1.605561024,14,,foul,S,40.0,-27.0,,3.0,,,,,,,,,,Good
2026-06-27,6,40,4,FF,4-Seam Fastball,L,1,2,92.4,93.8,2100.0,234.0,6.9,-1.66,5.13,-0.6,0.94,26.2,-0.8042728449599754,4.204728315091157,3.181389436,1.605561024,11,,ball,B,,,,,,,,,,,,,,Good
2026-06-27,6,40,5,CH,Changeup,L,2,2,86.2,88.2,1473.0,268.0,7.0,-1.95,4.77,-0.81,-0.42,16.0,0.0506994224566268,1.7448869325258505,3.181389436,1.605561024,8,field_out,hit_into_play,X,108.6,3.0,4.0,92.0,0.531,0.577,0.489,0.0,1.0,0.0,0.0,151.93,145.98,Good
2026-06-27,6,41,1,FF,4-Seam Fastball,L,0,0,91.3,92.4,2073.0,236.0,6.7,-1.76,5.09,-0.71,0.69,27.5,-0.3997567489972804,2.8385482109759885,2.984801509,1.506348425,1,,called_strike,S,,,,,,,,,,,,,,Good
2026-06-27,6,41,2,ST,Sweeper,L,0,1,85.3,86.5,2546.0,65.0,6.9,-1.99,4.84,1.18,-0.01,18.6,-0.585786622399423,2.2594327093383386,2.984801509,1.506348425,4,,called_strike,S,,,,,,,,,,,,,,Good
2026-06-27,6,41,3,CH,Changeup,L,0,2,86.9,88.5,1550.0,265.0,6.9,-1.9,4.89,-1.13,-0.12,22.1,-0.40091981100455,1.4366520196814196,2.984801509,1.506348425,7,,foul,S,,,,,,,,,,,,,,Good
2026-06-27,6,41,4,FF,4-Seam Fastball,L,0,2,92.3,93.6,2125.0,240.0,7.0,-1.73,5.04,-0.73,1.0,27.1,0.0503311490209821,3.3582362516933335,2.984801509,1.506348425,12,,foul,S,74.1,41.0,,246.0,,,,,,,,,,Good
2026-06-27,6,41,5,CH,Changeup,L,0,2,86.4,87.9,1546.0,263.0,6.9,-1.84,4.86,-1.05,-0.26,18.4,-0.8835755934965674,1.1433917335278077,2.984801509,1.506348425,13,field_out,hit_into_play,X,87.6,18.0,4.0,255.0,0.809,0.907,0.741,0.0,1.0,0.0,0.0,65.18,116.18,Good
2026-06-27,6,42,1,FF,4-Seam Fastball,L,0,0,90.9,91.7,2019.0,238.0,6.7,-1.77,5.12,-0.82,0.91,26.1,-0.9823940107040364,3.2588934012607993,3.37183399,1.701673228,11,,ball,B,,,,,,,,,,,,,,Good
2026-06-27,6,42,2,FC,Cutter,L,1,0,89.1,90.5,2274.0,220.0,6.8,-1.71,5.05,-0.05,0.64,25.0,-0.1758991348931577,3.1597437287873382,3.37183399,1.701673228,2,,foul,S,75.3,17.0,,180.0,,,,,,,,,,Good
2026-06-27,6,42,3,FC,Cutter,L,1,1,90.1,91.9,2346.0,240.0,7.1,-1.75,5.02,-0.23,0.62,27.9,1.0584874447714063,2.8560221611222163,3.37183399,1.701673228,12,,foul,S,57.1,64.0,,119.0,,,,,,,,,,Good
2026-06-27,6,42,4,CH,Changeup,L,1,2,85.6,87.1,1404.0,271.0,7.0,-1.93,4.83,-0.83,-0.53,20.4,-1.4391164077413574,1.485122477474214,3.37183399,1.701673228,13,,ball,B,,,,,,,,,,,,,,Good
2026-06-27,6,42,5,FF,4-Seam Fastball,L,2,2,91.5,93.2,2102.0,232.0,7.0,-1.82,5.13,-0.56,0.87,27.2,-2.0004294804285196,4.499634579227619,3.37183399,1.701673228,11,,ball,B,,,,,,,,,,,,,,Good
2026-06-27,6,42,6,CH,Changeup,L,3,2,86.6,87.9,1442.0,268.0,6.9,-1.8,4.78,-0.87,-0.35,19.8,0.4888470645331227,1.7216555824303454,3.37183399,1.701673228,9,field_out,hit_into_play,X,90.8,61.0,3.0,198.0,0.017,0.03,0.02,0.0,1.0,0.0,0.0,168.64,127.25,Good
2026-06-27,7,47,1,SI,Sinker,L,0,0,90.5,92.5,1970.0,241.0,7.1,-1.75,5.07,-1.28,0.34,25.6,0.6749804350136304,1.6613045110519709,3.205962927,1.617962598,9,field_out,hit_into_play,X,87.4,21.0,3.0,284.0,0.463,0.55,0.417,0.0,1.0,0.0,0.0,114.79,85.84,Good
2026-06-27,7,48,1,SI,Sinker,L,0,0,91.0,91.8,2039.0,230.0,6.8,-1.8,5.13,-1.43,0.18,27.6,-1.2617636550536355,3.652241678525864,3.176123688,1.602903543,11,,ball,B,,,,,,,,,,,,,,Good
2026-06-27,7,48,2,CH,Changeup,L,1,0,85.0,86.6,1522.0,267.0,7.0,-1.91,4.81,-1.26,-0.36,16.7,-0.7611634577298894,1.4755603732915907,3.176123688,1.602903543,13,field_out,hit_into_play,X,75.8,-5.0,2.0,16.0,0.089,0.095,0.085,0.0,1.0,0.0,0.0,137.25,158.13,Good
2026-06-27,7,49,1,SI,Sinker,R,0,0,91.6,92.8,2009.0,238.0,6.9,-1.57,5.09,-1.3,0.14,25.6,0.749362791868726,3.113404578218148,3.17085794,1.600246063,3,,called_strike,S,,,,,,,,,,,,,,Good
2026-06-27,7,49,2,SI,Sinker,R,0,1,91.6,92.7,1911.0,237.0,6.9,-1.73,5.12,-1.26,0.1,26.7,-0.5951180796917697,2.0546372255044716,3.17085794,1.600246063,7,field_out,hit_into_play,X,96.0,-12.0,2.0,10.0,0.174,0.199,0.157,0.0,1.0,0.0,0.0,109.91,165.72,Good
